,Heating,Heating QC,Central Air,Electrical,Utilities
0,GasA,Ex,Y,SBrkr,AllPub
1,GasA,Ex,Y,SBrkr,AllPub
2,GasA,TA,Y,SBrkr,AllPub
3,GasA,Gd,Y,SBrkr,AllPub
4,GasA,TA,Y,SBrkr,AllPub
5,GasA,Ex,Y,SBrkr,AllPub
6,GasA,Gd,Y,SBrkr,AllPub
7,GasA,Fa,Y,SBrkr,AllPub
8,GasA,TA,Y,SBrkr,AllPub
9,GasA,TA,Y,SBrkr,AllPub
10,GasA,TA,Y,SBrkr,AllPub
11,GasA,Ex,Y,SBrkr,AllPub
13,GasA,Ex,Y,SBrkr,AllPub
14,GasA,Ex,Y,SBrkr,AllPub
15,GasA,Ex,Y,SBrkr,AllPub
16,GasA,Fa,N,SBrkr,AllPub
17,GasA,TA,Y,SBrkr,AllPub
18,GasA,Ex,Y,SBrkr,AllPub
19,GasA,Ex,Y,SBrkr,AllPub
20,GasA,Gd,Y,SBrkr,AllPub
21,GasA,Ex,Y,SBrkr,AllPub
22,GasA,Ex,Y,SBrkr,AllPub
23,GasA,Ex,Y,SBrkr,AllPub
24,GasA,TA,N,SBrkr,AllPub
25,GasA,Ex,Y,SBrkr,AllPub
26,GasA,Ex,Y,SBrkr,AllPub
27,GasA,Ex,Y,SBrkr,AllPub
29,GasA,Ex,Y,SBrkr,AllPub
30,GasA,TA,Y,SBrkr,AllPub
31,GasA,Fa,Y,SBrkr,AllPub
32,GasA,Ex,Y,SBrkr,AllPub
33,GasA,TA,Y,SBrkr,AllPub
34,GasA,Ex,Y,SBrkr,AllPub
35,GasA,Fa,Y,SBrkr,AllPub
36,GasA,Ex,Y,SBrkr,AllPub
37,GasA,Ex,Y,SBrkr,AllPub
38,GasA,Fa,Y,SBrkr,AllPub
39,GasA,Ex,Y,SBrkr,AllPub
40,GasA,Gd,Y,SBrkr,AllPub
41,GasA,Ex,Y,SBrkr,AllPub
42,GasA,Ex,Y,SBrkr,AllPub
43,GasA,Ex,N,FuseF,AllPub
44,GasA,Ex,Y,SBrkr,AllPub
45,GasA,TA,Y,SBrkr,AllPub
46,GasA,Ex,Y,SBrkr,AllPub
47,GasA,TA,Y,SBrkr,AllPub
48,GasA,TA,Y,SBrkr,AllPub
49,GasA,Ex,Y,SBrkr,AllPub
50,GasA,Ex,Y,SBrkr,AllPub
51,GasA,TA,Y,SBrkr,AllPub
52,GasA,TA,Y,SBrkr,AllPub
54,GasA,TA,Y,SBrkr,AllPub
55,GasA,TA,Y,SBrkr,AllPub
56,GasA,Ex,Y,SBrkr,AllPub
57,GasA,TA,Y,FuseA,AllPub
58,GasA,TA,Y,FuseF,AllPub
59,GasA,Gd,Y,SBrkr,AllPub
60,GasA,Ex,Y,SBrkr,AllPub
61,GasA,Ex,Y,SBrkr,AllPub
62,GasA,Gd,Y,SBrkr,AllPub
63,GasA,Gd,N,FuseA,AllPub
64,GasA,Gd,Y,FuseA,AllPub
66,GasA,TA,Y,SBrkr,AllPub
67,GasA,Ex,Y,SBrkr,AllPub
68,GasA,Ex,Y,SBrkr,AllPub
69,GasA,Ex,Y,SBrkr,AllPub
70,GasA,Ex,Y,SBrkr,AllPub
71,GasA,Ex,Y,SBrkr,AllPub
72,GasA,Ex,Y,SBrkr,AllPub
73,GasA,Ex,Y,SBrkr,AllPub
74,GasA,Ex,Y,SBrkr,AllPub
75,GasA,TA,Y,SBrkr,AllPub
76,GasA,Fa,N,FuseF,AllPub
77,GasA,Fa,N,SBrkr,AllPub
78,GasA,TA,Y,FuseA,AllPub
80,GasA,Ex,Y,SBrkr,AllPub
81,GasA,Ex,Y,SBrkr,AllPub
82,GasA,Gd,Y,SBrkr,AllPub
83,GasA,Gd,Y,SBrkr,AllPub
84,GasA,Ex,Y,SBrkr,AllPub
85,GasA,Ex,Y,SBrkr,AllPub
86,GasA,Ex,Y,SBrkr,AllPub
87,GasA,TA,Y,SBrkr,AllPub
88,GasA,TA,Y,SBrkr,AllPub
89,GasA,Ex,Y,SBrkr,AllPub
90,GasA,Gd,Y,SBrkr,AllPub
91,GasA,Ex,Y,SBrkr,AllPub
92,GasA,Ex,Y,SBrkr,AllPub
94,GasA,TA,Y,SBrkr,AllPub
95,GasA,Ex,Y,SBrkr,AllPub
96,GasA,Ex,Y,SBrkr,AllPub
97,GasA,Gd,Y,SBrkr,AllPub
98,GasA,Ex,Y,SBrkr,AllPub
99,GasA,Ex,Y,SBrkr,AllPub
100,GasA,Ex,Y,SBrkr,AllPub
102,GasA,Ex,Y,SBrkr,AllPub
104,GasA,Ex,Y,SBrkr,AllPub
105,GasA,Ex,Y,SBrkr,AllPub
106,GasA,Ex,Y,SBrkr,AllPub
107,GasW,TA,N,SBrkr,AllPub
108,GasA,Ex,Y,SBrkr,AllPub
109,GasA,Ex,Y,SBrkr,AllPub
110,GasA,TA,Y,FuseA,AllPub
111,GasA,TA,Y,SBrkr,AllPub
112,GasA,TA,Y,SBrkr,AllPub
113,GasA,TA,Y,SBrkr,AllPub
115,GasA,Gd,Y,SBrkr,AllPub
116,GasA,TA,Y,SBrkr,AllPub
117,GasA,Ex,Y,SBrkr,AllPub
118,GasA,Gd,Y,SBrkr,AllPub
119,GasA,Ex,Y,SBrkr,AllPub
121,GasA,TA,Y,SBrkr,AllPub
122,GasA,TA,Y,SBrkr,AllPub
123,GasA,Gd,Y,FuseA,AllPub
124,GasA,TA,Y,SBrkr,AllPub
125,GasA,TA,Y,SBrkr,AllPub
126,GasA,Ex,Y,SBrkr,AllPub
127,GasA,Ex,Y,SBrkr,AllPub
128,GasA,Ex,Y,SBrkr,AllPub
129,GasA,Ex,Y,SBrkr,AllPub
130,GasA,Fa,Y,SBrkr,AllPub
131,GasA,Ex,Y,SBrkr,AllPub
132,GasA,TA,Y,SBrkr,AllPub
133,GasA,Ex,Y,SBrkr,AllPub
135,GasA,TA,Y,SBrkr,AllPub
137,GasA,Ex,Y,SBrkr,AllPub
138,GasA,Ex,Y,SBrkr,AllPub
140,GasA,Ex,Y,SBrkr,AllPub
141,GasA,Ex,Y,SBrkr,AllPub
142,GasA,Ex,Y,SBrkr,AllPub
143,GasA,TA,Y,SBrkr,AllPub
144,GasA,Ex,Y,SBrkr,AllPub
145,GasA,TA,Y,FuseA,AllPub
147,GasA,TA,Y,SBrkr,AllPub
148,GasA,Ex,Y,SBrkr,AllPub
149,GasA,Ex,Y,SBrkr,AllPub
150,GasA,Ex,Y,SBrkr,AllPub
151,GasA,Ex,Y,SBrkr,AllPub
152,GasA,Gd,Y,SBrkr,AllPub
153,GasA,Ex,Y,SBrkr,AllPub
154,GasA,Fa,Y,SBrkr,AllPub
155,GasA,Ex,Y,SBrkr,AllPub
156,GasA,TA,Y,SBrkr,AllPub
157,GasA,TA,Y,SBrkr,AllPub
158,GasW,TA,N,SBrkr,AllPub
159,GasA,TA,Y,SBrkr,AllPub
160,GasA,Ex,Y,SBrkr,AllPub
161,GasA,Ex,Y,SBrkr,AllPub
163,GasA,Ex,Y,SBrkr,AllPub
164,GasA,TA,Y,FuseA,AllPub
165,GasA,TA,Y,SBrkr,AllPub
166,GasA,TA,Y,SBrkr,AllPub
167,GasA,TA,Y,SBrkr,AllPub
168,Grav,Fa,N,FuseA,AllPub
169,GasA,TA,Y,SBrkr,AllPub
170,GasA,Ex,Y,SBrkr,AllPub
171,GasA,Ex,Y,SBrkr,AllPub
172,GasA,Ex,Y,SBrkr,AllPub
173,GasA,Ex,Y,SBrkr,AllPub
174,GasA,TA,Y,SBrkr,AllPub
175,GasW,Gd,Y,SBrkr,AllPub
176,GasA,Ex,Y,SBrkr,AllPub
177,GasA,TA,Y,SBrkr,AllPub
178,GasA,Ex,Y,SBrkr,AllPub
179,GasA,TA,Y,SBrkr,AllPub
180,GasA,Ex,Y,SBrkr,AllPub
181,GasA,TA,Y,FuseA,AllPub
182,GasA,Ex,Y,SBrkr,AllPub
184,GasA,Ex,Y,SBrkr,AllPub
185,GasA,Ex,Y,SBrkr,AllPub
186,GasA,Ex,Y,SBrkr,AllPub
187,GasA,Ex,Y,SBrkr,AllPub
188,GasA,Ex,Y,SBrkr,AllPub
189,GasA,Ex,Y,SBrkr,AllPub
190,GasA,Ex,Y,SBrkr,AllPub
191,GasA,Ex,Y,SBrkr,AllPub
192,GasA,TA,Y,SBrkr,AllPub
193,GasA,TA,Y,SBrkr,AllPub
194,GasA,TA,Y,SBrkr,AllPub
195,GasA,Ex,Y,SBrkr,AllPub
196,GasA,Ex,Y,SBrkr,AllPub
197,GasA,TA,Y,FuseF,AllPub
198,GasA,Ex,Y,SBrkr,AllPub
199,GasA,Ex,Y,SBrkr,AllPub
200,GasA,TA,Y,SBrkr,AllPub
201,GasA,Ex,Y,SBrkr,AllPub
202,GasA,Ex,Y,SBrkr,AllPub
203,GasA,Gd,Y,SBrkr,AllPub
204,GasA,Ex,Y,SBrkr,AllPub
205,GasA,Gd,Y,SBrkr,AllPub
206,GasW,TA,N,FuseA,AllPub
207,GasA,TA,Y,SBrkr,AllPub
208,GasA,Ex,Y,SBrkr,AllPub
209,GasA,TA,Y,SBrkr,AllPub
210,GasA,Ex,Y,SBrkr,AllPub
211,GasA,Ex,Y,SBrkr,AllPub
212,GasA,Ex,Y,SBrkr,AllPub
213,GasA,Ex,Y,SBrkr,AllPub
214,GasA,TA,Y,SBrkr,AllPub
215,GasA,Ex,Y,SBrkr,AllPub
216,GasA,Gd,Y,SBrkr,AllPub
217,GasA,Ex,Y,SBrkr,AllPub
218,GasA,Ex,Y,SBrkr,AllPub
219,GasA,Ex,Y,SBrkr,AllPub
220,GasA,Ex,Y,SBrkr,AllPub
221,GasA,TA,Y,SBrkr,AllPub
222,GasA,Ex,Y,SBrkr,AllPub
223,GasA,Gd,Y,SBrkr,AllPub
224,GasA,Ex,Y,SBrkr,AllPub
225,GasA,Ex,Y,SBrkr,AllPub
226,GasA,Ex,Y,SBrkr,AllPub
227,GasA,Ex,Y,SBrkr,AllPub
228,GasA,Ex,Y,SBrkr,AllPub
229,GasA,Fa,Y,SBrkr,AllPub
230,GasA,Ex,Y,SBrkr,AllPub
231,GasA,Ex,Y,SBrkr,AllPub
232,GasA,Gd,Y,SBrkr,AllPub
233,GasA,Gd,Y,SBrkr,AllPub
234,GasA,Ex,Y,SBrkr,AllPub
236,GasA,Gd,Y,SBrkr,AllPub
237,GasA,TA,Y,SBrkr,AllPub
238,GasA,Ex,Y,SBrkr,AllPub
239,GasA,Ex,Y,FuseA,AllPub
241,GasA,Ex,Y,SBrkr,AllPub
242,GasA,Ex,Y,SBrkr,AllPub
243,GasA,Ex,Y,SBrkr,AllPub
244,GasA,TA,Y,SBrkr,AllPub
245,GasA,TA,Y,SBrkr,AllPub
246,GasA,Gd,Y,SBrkr,AllPub
247,GasA,Ex,Y,SBrkr,AllPub
248,GasA,Ex,Y,SBrkr,AllPub
250,GasA,Ex,Y,SBrkr,AllPub
251,GasA,Gd,Y,SBrkr,AllPub
252,GasA,TA,Y,SBrkr,AllPub
253,GasA,Ex,Y,SBrkr,AllPub
254,GasA,Ex,Y,SBrkr,AllPub
255,GasA,Gd,Y,FuseA,AllPub
257,GasA,Ex,Y,SBrkr,AllPub
258,GasA,TA,Y,SBrkr,AllPub
259,GasA,TA,Y,SBrkr,AllPub
261,GasA,Gd,Y,SBrkr,AllPub
262,GasA,Ex,Y,SBrkr,AllPub
263,GasA,TA,Y,SBrkr,AllPub
265,GasA,Gd,Y,SBrkr,AllPub
266,GasA,Gd,Y,SBrkr,AllPub
267,GasA,TA,Y,SBrkr,AllPub
268,GasA,Ex,Y,SBrkr,AllPub
269,GasA,Ex,Y,SBrkr,AllPub
270,GasA,Ex,Y,SBrkr,AllPub
271,GasA,TA,Y,SBrkr,AllPub
272,GasA,Gd,Y,SBrkr,AllPub
273,GasA,Gd,Y,SBrkr,AllPub
274,GasA,TA,Y,SBrkr,AllPub
275,GasA,Ex,Y,SBrkr,AllPub
277,GasA,Ex,Y,SBrkr,AllPub
278,GasA,TA,Y,SBrkr,AllPub
279,GasA,TA,Y,SBrkr,AllPub
280,GasA,TA,Y,SBrkr,AllPub
281,GasA,Ex,Y,SBrkr,AllPub
282,GasA,TA,Y,SBrkr,AllPub
283,GasA,Ex,Y,SBrkr,AllPub
284,GasA,Gd,Y,SBrkr,AllPub
285,GasA,Ex,Y,SBrkr,AllPub
286,GasA,Ex,Y,SBrkr,AllPub
287,GasA,TA,Y,SBrkr,AllPub
288,GasA,Ex,Y,SBrkr,AllPub
289,GasA,Ex,Y,SBrkr,AllPub
290,GasA,TA,Y,SBrkr,AllPub
291,GasA,TA,Y,FuseA,AllPub
292,GasA,Gd,Y,SBrkr,AllPub
293,GasA,Ex,Y,SBrkr,AllPub
294,GasA,TA,Y,SBrkr,AllPub
295,GasA,Ex,Y,SBrkr,AllPub
296,GasA,Gd,Y,SBrkr,AllPub
297,GasA,TA,Y,SBrkr,AllPub
298,GasW,Fa,N,SBrkr,AllPub
299,GasA,Ex,Y,SBrkr,AllPub
300,GasA,Ex,Y,SBrkr,AllPub
301,GasA,Gd,Y,FuseA,AllPub
302,GasA,Ex,Y,SBrkr,AllPub
303,GasA,Gd,Y,FuseA,AllPub
304,GasA,TA,Y,SBrkr,AllPub
305,GasA,TA,Y,SBrkr,AllPub
306,GasA,Gd,Y,SBrkr,AllPub
307,GasA,Ex,Y,FuseA,AllPub
308,OthW,Fa,N,SBrkr,AllPub
309,GasA,Gd,Y,SBrkr,AllPub
310,GasA,Ex,Y,SBrkr,AllPub
311,GasA,Gd,Y,SBrkr,AllPub
312,GasW,Fa,N,SBrkr,AllPub
313,GasA,Ex,Y,SBrkr,AllPub
314,GasA,TA,Y,SBrkr,AllPub
315,GasA,TA,Y,SBrkr,AllPub
316,GasA,Ex,Y,SBrkr,AllPub
317,GasA,Ex,Y,SBrkr,AllPub
318,GasA,Ex,Y,SBrkr,AllPub
319,GasA,Ex,Y,SBrkr,AllPub
320,GasA,TA,Y,SBrkr,AllPub
321,GasA,Ex,Y,SBrkr,AllPub
322,GasA,Ex,Y,SBrkr,AllPub
323,GasA,TA,Y,SBrkr,AllPub
324,GasA,Gd,Y,SBrkr,AllPub
325,GasA,Ex,Y,SBrkr,AllPub
326,GasA,TA,Y,SBrkr,AllPub
327,GasA,TA,Y,SBrkr,AllPub
328,GasA,Ex,Y,SBrkr,AllPub
329,GasA,TA,Y,SBrkr,AllPub
330,GasA,Ex,Y,SBrkr,AllPub
331,GasA,Ex,Y,SBrkr,AllPub
332,GasA,Ex,Y,SBrkr,AllPub
333,GasA,Gd,N,FuseA,AllPub
335,GasA,Ex,Y,SBrkr,AllPub
336,GasA,Gd,Y,SBrkr,AllPub
337,GasA,Ex,Y,SBrkr,AllPub
338,GasA,Ex,Y,SBrkr,AllPub
339,GasA,Ex,Y,SBrkr,AllPub
340,GasA,TA,Y,FuseA,AllPub
341,GasA,TA,Y,SBrkr,AllPub
342,GasA,TA,Y,SBrkr,AllPub
343,GasA,TA,Y,SBrkr,AllPub
344,GasA,Ex,Y,SBrkr,AllPub
345,GasA,Ex,Y,SBrkr,AllPub
346,GasA,Ex,Y,SBrkr,AllPub
347,GasA,TA,Y,SBrkr,AllPub
348,GasA,Ex,Y,SBrkr,AllPub
349,GasA,Gd,Y,SBrkr,AllPub
350,GasA,Ex,Y,FuseA,AllPub
351,GasA,Ex,Y,FuseA,AllPub
352,GasA,TA,Y,SBrkr,AllPub
353,GasA,TA,Y,SBrkr,AllPub
354,GasA,TA,Y,SBrkr,AllPub
355,GasA,Ex,Y,SBrkr,AllPub
357,GasA,TA,Y,SBrkr,AllPub
358,GasA,Gd,Y,SBrkr,AllPub
359,GasA,Ex,Y,SBrkr,AllPub
360,GasA,TA,Y,SBrkr,AllPub
361,GasA,Ex,Y,SBrkr,AllPub
362,GasA,Gd,Y,SBrkr,AllPub
363,GasA,Ex,Y,SBrkr,AllPub
364,GasA,Ex,Y,SBrkr,AllPub
365,GasA,Fa,Y,SBrkr,AllPub
366,GasA,TA,Y,SBrkr,AllPub
367,GasA,TA,N,SBrkr,AllPub
368,GasA,Gd,Y,SBrkr,AllPub
369,GasA,Ex,Y,SBrkr,AllPub
370,GasA,TA,Y,SBrkr,AllPub
371,GasA,TA,Y,SBrkr,AllPub
372,GasA,Gd,Y,SBrkr,AllPub
373,GasA,Ex,Y,SBrkr,AllPub
374,GasW,TA,N,SBrkr,AllPub
375,GasW,TA,N,SBrkr,AllPub
376,GasA,TA,Y,SBrkr,AllPub
377,GasA,TA,Y,SBrkr,AllPub
378,GasA,Ex,Y,SBrkr,AllPub
379,GasA,TA,N,SBrkr,AllPub
380,GasA,Ex,Y,SBrkr,AllPub
381,GasA,Gd,Y,SBrkr,AllPub
383,GasA,TA,Y,FuseA,AllPub
384,GasA,TA,Y,SBrkr,AllPub
385,GasA,Ex,Y,SBrkr,AllPub
386,GasA,Ex,Y,SBrkr,AllPub
387,GasA,Ex,Y,SBrkr,AllPub
388,GasA,Gd,Y,SBrkr,AllPub
389,GasA,TA,Y,SBrkr,AllPub
391,GasA,TA,Y,SBrkr,AllPub
392,GasA,Ex,Y,SBrkr,AllPub
393,GasA,TA,Y,SBrkr,AllPub
394,GasA,Gd,Y,SBrkr,AllPub
395,GasA,TA,Y,SBrkr,AllPub
396,GasA,Ex,N,SBrkr,AllPub
397,GasA,Ex,Y,SBrkr,AllPub
398,GasA,Ex,Y,SBrkr,AllPub
399,GasA,TA,Y,SBrkr,AllPub
400,GasA,TA,Y,SBrkr,AllPub
401,GasA,TA,N,SBrkr,AllPub
402,GasA,TA,Y,SBrkr,AllPub
403,GasA,Ex,Y,SBrkr,AllPub
404,GasA,Ex,Y,SBrkr,AllPub
405,GasA,Ex,Y,SBrkr,AllPub
407,GasA,TA,Y,FuseA,AllPub
408,GasA,TA,N,SBrkr,AllPub
410,GasA,Gd,Y,SBrkr,AllPub
411,GasA,TA,Y,SBrkr,AllPub
412,GasA,Ex,Y,SBrkr,AllPub
413,GasA,TA,Y,SBrkr,AllPub
414,GasA,Ex,Y,SBrkr,AllPub
415,GasA,TA,Y,SBrkr,AllPub
416,GasA,TA,Y,SBrkr,AllPub
417,GasA,Ex,Y,SBrkr,AllPub
418,GasA,Gd,Y,SBrkr,AllPub
419,GasA,TA,N,SBrkr,AllPub
420,GasA,Gd,Y,SBrkr,AllPub
421,GasA,Ex,Y,SBrkr,AllPub
422,GasA,Ex,Y,SBrkr,AllPub
423,GasA,Ex,Y,SBrkr,AllPub
424,GasA,Ex,Y,SBrkr,AllPub
425,GasW,Fa,N,SBrkr,AllPub
427,GasA,TA,Y,SBrkr,AllPub
428,GasA,Ex,Y,SBrkr,AllPub
429,GasA,Gd,Y,SBrkr,AllPub
430,GasA,Ex,Y,SBrkr,AllPub
431,GasA,Ex,Y,SBrkr,AllPub
432,GasA,TA,N,FuseF,AllPub
433,GasA,Ex,Y,SBrkr,AllPub
434,GasA,Ex,Y,SBrkr,AllPub
435,GasA,Gd,Y,SBrkr,AllPub
436,GasA,TA,N,FuseF,AllPub
438,GasA,Gd,Y,SBrkr,AllPub
439,GasA,Ex,Y,SBrkr,AllPub
440,GasA,Ex,Y,SBrkr,AllPub
441,GasW,TA,Y,SBrkr,AllPub
442,GasA,Ex,Y,SBrkr,AllPub
443,GasA,Ex,Y,SBrkr,AllPub
444,GasA,Gd,Y,SBrkr,AllPub
446,GasA,TA,Y,SBrkr,AllPub
447,GasA,Ex,Y,SBrkr,AllPub
448,GasA,Ex,Y,SBrkr,AllPub
449,GasA,Ex,Y,SBrkr,AllPub
450,GasA,Gd,Y,SBrkr,AllPub
451,GasA,Ex,Y,SBrkr,AllPub
452,GasA,TA,Y,SBrkr,AllPub
453,GasA,Ex,Y,SBrkr,AllPub
454,GasA,Ex,Y,SBrkr,AllPub
455,GasA,TA,Y,SBrkr,AllPub
456,GasA,Ex,Y,SBrkr,AllPub
458,GasA,Ex,Y,SBrkr,AllPub
459,GasA,TA,Y,SBrkr,AllPub
460,GasA,Gd,Y,SBrkr,AllPub
461,GasA,Ex,Y,SBrkr,AllPub
462,GasA,TA,Y,FuseA,AllPub
463,GasA,Ex,Y,SBrkr,AllPub
464,GasA,Gd,N,SBrkr,AllPub
465,GasA,Ex,Y,SBrkr,AllPub
466,GasA,Ex,Y,SBrkr,AllPub
467,GasA,TA,Y,FuseA,AllPub
468,GasA,Ex,Y,SBrkr,AllPub
469,GasA,Ex,Y,SBrkr,AllPub
470,GasA,Ex,Y,SBrkr,AllPub
471,GasA,Gd,Y,SBrkr,AllPub
472,GasA,Ex,N,FuseA,AllPub
473,GasA,Ex,Y,SBrkr,AllPub
474,GasA,Ex,Y,SBrkr,AllPub
475,GasA,Ex,Y,SBrkr,AllPub
476,GasA,Ex,Y,SBrkr,AllPub
477,GasA,Ex,Y,SBrkr,AllPub
478,GasA,Ex,Y,SBrkr,AllPub
479,GasA,Ex,Y,SBrkr,AllPub
480,GasA,Ex,Y,SBrkr,AllPub
481,GasA,Ex,Y,SBrkr,AllPub
482,GasA,Gd,Y,SBrkr,AllPub
483,GasA,Ex,Y,SBrkr,AllPub
484,GasA,TA,Y,SBrkr,AllPub
487,GasA,Gd,N,FuseP,AllPub
488,GasA,Ex,Y,SBrkr,AllPub
489,GasA,Ex,Y,SBrkr,AllPub
490,GasA,Gd,Y,SBrkr,AllPub
491,GasA,TA,Y,SBrkr,AllPub
492,GasA,Ex,Y,SBrkr,AllPub
493,GasA,Gd,Y,FuseF,AllPub
494,GasA,TA,Y,SBrkr,AllPub
495,GasA,TA,N,FuseA,AllPub
496,GasA,Gd,Y,SBrkr,AllPub
497,GasA,Ex,Y,FuseA,AllPub
498,GasA,Ex,Y,SBrkr,AllPub
500,GasA,Gd,Y,SBrkr,AllPub
501,GasA,TA,Y,FuseA,AllPub
502,GasA,Ex,Y,SBrkr,AllPub
503,GasA,TA,N,SBrkr,AllPub
504,GasA,Ex,Y,SBrkr,AllPub
505,GasA,Gd,Y,SBrkr,AllPub
506,GasA,Ex,Y,SBrkr,AllPub
507,GasA,Ex,Y,SBrkr,AllPub
508,GasA,Gd,Y,SBrkr,AllPub
509,GasA,Ex,Y,SBrkr,AllPub
510,GasA,Ex,Y,SBrkr,AllPub
511,GasA,Ex,Y,SBrkr,AllPub
512,GasA,Ex,Y,SBrkr,AllPub
513,GasA,TA,N,FuseA,AllPub
515,GasA,Gd,Y,SBrkr,AllPub
516,GasA,Ex,Y,SBrkr,AllPub
517,GasA,Ex,Y,SBrkr,AllPub
518,GasA,Fa,Y,SBrkr,AllPub
519,GasA,Ex,Y,SBrkr,AllPub
520,GasA,Ex,Y,FuseA,AllPub
521,GasA,TA,N,SBrkr,AllPub
522,GasA,Ex,Y,SBrkr,AllPub
523,GasA,Ex,Y,FuseF,AllPub
524,GasA,Ex,Y,SBrkr,AllPub
525,GasA,Ex,Y,SBrkr,AllPub
526,GasA,Ex,Y,SBrkr,AllPub
527,GasA,Gd,Y,SBrkr,AllPub
528,GasA,Gd,Y,SBrkr,AllPub
529,GasA,Ex,Y,SBrkr,AllPub
531,GasA,Ex,Y,SBrkr,AllPub
532,GasA,TA,Y,SBrkr,AllPub
533,GasA,Ex,Y,SBrkr,AllPub
534,GasA,TA,Y,SBrkr,AllPub
535,GasA,Gd,Y,FuseA,AllPub
536,GasA,Ex,Y,SBrkr,AllPub
537,GasA,Gd,Y,SBrkr,AllPub
538,GasA,Ex,Y,SBrkr,AllPub
539,GasA,Gd,Y,SBrkr,AllPub
540,GasA,Ex,Y,SBrkr,AllPub
541,GasA,Ex,Y,SBrkr,AllPub
543,GasA,Ex,Y,SBrkr,AllPub
544,GasA,Ex,Y,SBrkr,AllPub
545,GasA,Ex,Y,SBrkr,AllPub
546,GasA,TA,Y,SBrkr,AllPub
547,GasA,Gd,Y,FuseA,AllPub
548,GasA,TA,Y,SBrkr,AllPub
549,GasA,TA,Y,SBrkr,AllPub
550,GasA,TA,Y,SBrkr,AllPub
551,GasA,TA,Y,SBrkr,AllPub
552,GasA,Ex,Y,SBrkr,AllPub
553,GasA,TA,Y,SBrkr,AllPub
554,GasA,TA,Y,SBrkr,AllPub
556,GasA,Ex,Y,SBrkr,AllPub
557,GasA,TA,Y,SBrkr,AllPub
558,GasA,Ex,Y,SBrkr,AllPub
559,GasA,Ex,Y,SBrkr,AllPub
560,GasA,Ex,Y,FuseA,AllPub
561,GasA,Gd,Y,FuseA,NoSeWa
563,GasA,TA,Y,SBrkr,AllPub
564,GasA,Ex,Y,SBrkr,AllPub
565,GasA,TA,Y,SBrkr,AllPub
566,GasA,Ex,Y,SBrkr,AllPub
567,GasA,Ex,Y,SBrkr,AllPub
568,GasA,TA,Y,SBrkr,AllPub
569,GasA,Ex,Y,SBrkr,AllPub
570,GasA,TA,Y,SBrkr,AllPub
571,GasA,Ex,Y,SBrkr,AllPub
572,GasA,TA,Y,SBrkr,AllPub
573,GasA,Ex,Y,SBrkr,AllPub
574,GasA,Gd,Y,SBrkr,AllPub
575,GasA,Ex,Y,SBrkr,AllPub
576,GasA,Ex,Y,SBrkr,AllPub
577,GasA,Ex,Y,SBrkr,AllPub
578,GasA,Ex,Y,SBrkr,AllPub
582,GasA,Ex,Y,SBrkr,AllPub
583,GasA,Ex,Y,SBrkr,AllPub
584,GasA,Gd,Y,SBrkr,AllPub
585,GasA,Ex,Y,SBrkr,AllPub
586,GasA,TA,Y,SBrkr,AllPub
587,GasA,TA,Y,SBrkr,AllPub
588,GasA,Gd,Y,SBrkr,AllPub
589,GasA,Ex,Y,SBrkr,AllPub
590,GasA,TA,Y,FuseA,AllPub
591,GasA,Ex,Y,SBrkr,AllPub
592,GasA,TA,Y,SBrkr,AllPub
593,GasA,Ex,Y,SBrkr,AllPub
594,GasA,Ex,Y,SBrkr,AllPub
595,GasA,Ex,Y,SBrkr,AllPub
596,GasA,Ex,Y,SBrkr,AllPub
597,GasA,Ex,Y,SBrkr,AllPub
598,GasA,Ex,Y,SBrkr,AllPub
599,GasA,Gd,Y,SBrkr,AllPub
600,GasA,Ex,Y,SBrkr,AllPub
601,GasA,Ex,Y,SBrkr,AllPub
602,GasA,TA,Y,SBrkr,AllPub
603,GasA,Gd,Y,SBrkr,AllPub
604,GasA,Ex,Y,SBrkr,AllPub
605,GasA,Ex,Y,SBrkr,AllPub
606,GasA,Ex,Y,SBrkr,AllPub
607,GasA,Ex,Y,SBrkr,AllPub
608,GasA,Ex,Y,SBrkr,AllPub
609,GasA,Ex,Y,SBrkr,AllPub
610,GasA,Gd,Y,FuseA,AllPub
611,GasA,TA,Y,SBrkr,AllPub
613,GasA,Ex,Y,SBrkr,AllPub
614,GasA,TA,Y,SBrkr,AllPub
615,GasA,Ex,Y,SBrkr,AllPub
617,GasA,Ex,Y,SBrkr,AllPub
618,GasA,Ex,Y,SBrkr,AllPub
619,GasA,Ex,Y,SBrkr,AllPub
620,GasA,Ex,Y,SBrkr,AllPub
621,GasA,Ex,Y,SBrkr,AllPub
622,GasA,Ex,Y,SBrkr,AllPub
623,GasA,Ex,Y,SBrkr,AllPub
624,GasA,Ex,Y,SBrkr,AllPub
625,GasA,Ex,Y,SBrkr,AllPub
626,GasA,Ex,Y,SBrkr,AllPub
627,GasA,Ex,Y,SBrkr,AllPub
628,GasA,Ex,Y,FuseA,AllPub
629,GasA,TA,Y,FuseA,AllPub
630,GasA,Ex,Y,SBrkr,AllPub
631,GasA,Ex,Y,SBrkr,AllPub
632,GasA,TA,Y,SBrkr,AllPub
633,GasW,TA,N,SBrkr,AllPub
634,GasA,Ex,Y,SBrkr,AllPub
637,GasA,Ex,Y,SBrkr,AllPub
638,GasA,TA,N,FuseA,AllPub
639,GasA,Ex,Y,SBrkr,AllPub
640,GasA,Ex,Y,SBrkr,AllPub
641,GasA,Ex,Y,SBrkr,AllPub
643,GasA,Gd,Y,SBrkr,AllPub
644,GasA,TA,Y,SBrkr,AllPub
645,GasA,Ex,Y,SBrkr,AllPub
646,GasA,Ex,Y,SBrkr,AllPub
647,GasA,Ex,Y,SBrkr,AllPub
648,GasA,Ex,Y,SBrkr,AllPub
649,GasA,Gd,Y,FuseA,AllPub
650,GasA,TA,Y,SBrkr,AllPub
651,GasA,Gd,Y,SBrkr,AllPub
652,GasA,TA,N,SBrkr,AllPub
654,GasA,TA,Y,SBrkr,AllPub
655,GasA,TA,Y,SBrkr,AllPub
656,GasW,Fa,N,SBrkr,AllPub
657,GasA,TA,Y,SBrkr,AllPub
658,GasA,TA,Y,FuseA,AllPub
659,GasA,TA,Y,SBrkr,AllPub
660,GasA,Fa,Y,SBrkr,AllPub
661,GasA,Ex,Y,SBrkr,AllPub
662,GasA,TA,Y,SBrkr,AllPub
664,GasA,Ex,Y,SBrkr,AllPub
665,GasA,TA,Y,SBrkr,AllPub
666,GasA,Gd,Y,SBrkr,AllPub
667,GasA,TA,Y,SBrkr,AllPub
668,GasA,Ex,Y,SBrkr,AllPub
669,GasA,Ex,Y,SBrkr,AllPub
670,GasA,Ex,Y,SBrkr,AllPub
671,GasA,TA,Y,SBrkr,AllPub
672,GasA,Gd,Y,SBrkr,AllPub
673,GasA,Ex,Y,SBrkr,AllPub
674,GasA,Ex,Y,SBrkr,AllPub
675,GasA,TA,Y,SBrkr,AllPub
676,GasA,Ex,Y,SBrkr,AllPub
677,GasA,TA,Y,SBrkr,AllPub
678,GasA,TA,Y,SBrkr,AllPub
679,GasA,Gd,Y,FuseA,AllPub
680,GasA,Ex,Y,SBrkr,AllPub
681,GasA,Ex,N,SBrkr,AllPub
682,GasA,Ex,Y,SBrkr,AllPub
683,GasA,Ex,N,SBrkr,AllPub
684,GasA,Ex,Y,SBrkr,AllPub
685,GasA,Ex,Y,SBrkr,AllPub
686,GasA,TA,Y,FuseA,AllPub
687,GasA,Ex,Y,SBrkr,AllPub
688,GasA,Ex,Y,SBrkr,AllPub
690,GasA,TA,N,SBrkr,AllPub
691,GasA,Ex,Y,SBrkr,AllPub
693,GasA,Ex,Y,SBrkr,AllPub
694,GasA,TA,Y,SBrkr,AllPub
695,GasA,TA,Y,SBrkr,AllPub
697,GasA,TA,Y,SBrkr,AllPub
698,GasA,Ex,Y,SBrkr,AllPub
699,GasA,TA,Y,SBrkr,AllPub
701,GasA,Ex,Y,SBrkr,AllPub
702,GasA,Ex,Y,SBrkr,AllPub
703,GasA,Gd,Y,SBrkr,AllPub
704,GasA,TA,N,FuseA,AllPub
706,GasA,Ex,Y,SBrkr,AllPub
707,GasA,Ex,Y,SBrkr,AllPub
709,GasA,TA,Y,SBrkr,AllPub
710,GasA,TA,Y,SBrkr,AllPub
711,GasA,Ex,Y,SBrkr,AllPub
712,GasA,TA,Y,SBrkr,AllPub
713,GasA,Ex,Y,SBrkr,AllPub
714,GasA,TA,Y,SBrkr,AllPub
715,GasA,Gd,Y,SBrkr,AllPub
716,GasA,Ex,Y,SBrkr,AllPub
717,GasA,Ex,Y,SBrkr,AllPub
718,GasA,Gd,Y,SBrkr,AllPub
719,GasA,Ex,Y,SBrkr,AllPub
720,GasA,Ex,Y,SBrkr,AllPub
721,GasA,Gd,Y,SBrkr,AllPub
723,GasA,Ex,Y,SBrkr,AllPub
724,GasA,TA,Y,SBrkr,AllPub
725,GasA,Ex,Y,SBrkr,AllPub
726,GasA,Gd,Y,SBrkr,AllPub
727,GasA,Ex,Y,SBrkr,AllPub
728,GasA,Ex,Y,SBrkr,AllPub
729,GasA,TA,Y,SBrkr,AllPub
730,GasA,TA,Y,SBrkr,AllPub
731,GasA,Ex,Y,SBrkr,AllPub
732,GasA,Gd,Y,SBrkr,AllPub
733,GasA,Gd,Y,SBrkr,AllPub
734,GasA,Ex,Y,SBrkr,AllPub
735,GasA,Ex,Y,SBrkr,AllPub
738,GasA,Gd,Y,SBrkr,AllPub
739,GasA,Ex,Y,SBrkr,AllPub
740,GasA,Ex,Y,SBrkr,AllPub
742,GasA,Ex,Y,SBrkr,AllPub
743,GasA,Ex,Y,SBrkr,AllPub
744,GasA,TA,Y,SBrkr,AllPub
745,GasA,TA,Y,SBrkr,AllPub
746,GasA,TA,Y,SBrkr,AllPub
747,GasA,TA,Y,SBrkr,AllPub
748,GasA,TA,Y,SBrkr,AllPub
749,GasA,TA,Y,SBrkr,AllPub
750,GasA,Ex,Y,SBrkr,AllPub
751,GasA,Ex,Y,FuseA,AllPub
752,GasA,Ex,Y,SBrkr,AllPub
753,GasA,Ex,Y,SBrkr,AllPub
754,GasA,TA,Y,FuseA,AllPub
755,GasA,Fa,Y,SBrkr,AllPub
756,GasA,Ex,Y,SBrkr,AllPub
757,GasA,TA,Y,SBrkr,AllPub
758,GasA,Gd,Y,SBrkr,AllPub
759,GasA,Ex,Y,SBrkr,AllPub
760,GasA,Ex,Y,SBrkr,AllPub
761,GasA,Gd,Y,SBrkr,AllPub
762,GasA,Ex,Y,SBrkr,AllPub
763,GasA,Ex,Y,SBrkr,AllPub
764,GasA,TA,Y,SBrkr,AllPub
765,GasA,Ex,Y,SBrkr,AllPub
766,GasA,TA,N,FuseA,AllPub
767,GasA,Ex,Y,SBrkr,AllPub
768,GasA,Gd,Y,SBrkr,AllPub
769,GasA,Ex,Y,SBrkr,AllPub
770,GasA,Ex,Y,SBrkr,AllPub
771,GasA,Ex,Y,SBrkr,AllPub
773,GasA,TA,Y,FuseP,AllPub
774,GasA,Ex,Y,SBrkr,AllPub
775,GasA,TA,Y,FuseA,AllPub
776,GasA,Ex,Y,SBrkr,AllPub
777,GasA,Ex,Y,SBrkr,AllPub
778,GasA,Ex,Y,SBrkr,AllPub
779,GasA,Ex,Y,SBrkr,AllPub
780,GasA,Ex,Y,SBrkr,AllPub
781,GasA,Ex,Y,SBrkr,AllPub
782,GasA,Gd,Y,FuseA,AllPub
784,GasW,TA,Y,SBrkr,AllPub
785,GasA,TA,Y,SBrkr,AllPub
786,GasA,Gd,Y,SBrkr,AllPub
788,GasA,Ex,Y,SBrkr,AllPub
789,GasA,Ex,Y,SBrkr,AllPub
792,GasA,Ex,Y,SBrkr,AllPub
793,GasA,Ex,Y,SBrkr,AllPub
795,GasA,Gd,Y,SBrkr,AllPub
796,GasA,TA,Y,SBrkr,AllPub
797,GasA,Fa,N,FuseP,AllPub
798,GasA,Ex,Y,SBrkr,AllPub
799,GasA,Gd,Y,SBrkr,AllPub
800,GasA,Ex,Y,SBrkr,AllPub
801,GasA,Ex,Y,SBrkr,AllPub
802,GasA,Ex,Y,SBrkr,AllPub
803,GasA,Gd,Y,SBrkr,AllPub
804,GasA,Ex,Y,SBrkr,AllPub
805,GasA,Ex,Y,SBrkr,AllPub
806,GasA,Gd,Y,SBrkr,AllPub
807,GasA,Fa,N,FuseP,AllPub
808,GasA,Ex,Y,SBrkr,AllPub
809,GasA,Ex,Y,SBrkr,AllPub
810,GasA,Gd,Y,SBrkr,AllPub
811,GasA,TA,Y,SBrkr,AllPub
812,GasA,Ex,Y,SBrkr,AllPub
813,GasA,Gd,Y,SBrkr,AllPub
815,GasA,Gd,Y,SBrkr,AllPub
816,GasA,Ex,Y,SBrkr,AllPub
817,GasA,Gd,Y,SBrkr,AllPub
818,GasA,Ex,Y,SBrkr,AllPub
819,GasA,Ex,Y,SBrkr,AllPub
820,GasA,TA,Y,SBrkr,AllPub
821,GasA,Ex,Y,SBrkr,AllPub
823,GasA,Ex,Y,SBrkr,AllPub
825,GasA,Ex,Y,SBrkr,AllPub
826,GasA,Gd,N,SBrkr,AllPub
827,GasA,TA,Y,SBrkr,AllPub
828,GasA,TA,Y,SBrkr,AllPub
829,GasA,Ex,Y,SBrkr,AllPub
830,GasA,TA,Y,SBrkr,AllPub
831,GasA,Ex,Y,SBrkr,AllPub
832,GasA,Ex,Y,SBrkr,AllPub
833,GasA,Ex,Y,SBrkr,AllPub
834,GasA,Ex,Y,SBrkr,AllPub
835,GasA,Ex,Y,SBrkr,AllPub
836,GasA,Ex,Y,SBrkr,AllPub
837,GasA,Ex,Y,SBrkr,AllPub
838,GasA,Ex,Y,SBrkr,AllPub
839,GasA,Ex,Y,SBrkr,AllPub
840,GasA,TA,Y,SBrkr,AllPub
841,GasA,Ex,Y,SBrkr,AllPub
842,GasA,Ex,Y,SBrkr,AllPub
843,GasA,Fa,N,SBrkr,AllPub
844,GasA,Ex,Y,SBrkr,AllPub
845,GasA,Ex,Y,SBrkr,AllPub
846,GasA,Ex,Y,SBrkr,AllPub
847,GasA,Ex,Y,SBrkr,AllPub
848,GasA,TA,Y,SBrkr,AllPub
849,GasA,Gd,Y,SBrkr,AllPub
850,GasA,Ex,Y,FuseA,AllPub
851,GasA,Ex,Y,SBrkr,AllPub
852,GasA,Ex,Y,SBrkr,AllPub
853,GasA,Ex,Y,SBrkr,AllPub
854,GasA,TA,N,SBrkr,AllPub
855,GasA,Ex,Y,SBrkr,AllPub
856,GasA,Ex,Y,SBrkr,AllPub
857,GasA,Ex,Y,SBrkr,AllPub
859,GasA,TA,Y,SBrkr,AllPub
860,GasA,Ex,Y,SBrkr,AllPub
861,GasA,TA,Y,SBrkr,AllPub
862,GasA,Ex,Y,SBrkr,AllPub
863,GasA,Ex,Y,SBrkr,AllPub
864,GasA,Ex,Y,SBrkr,AllPub
865,GasA,TA,Y,SBrkr,AllPub
866,GasA,Ex,Y,SBrkr,AllPub
867,GasA,Ex,Y,SBrkr,AllPub
868,GasA,Ex,Y,SBrkr,AllPub
869,GasA,Ex,Y,SBrkr,AllPub
870,GasA,TA,Y,FuseA,AllPub
871,GasA,TA,Y,SBrkr,AllPub
872,GasA,Ex,Y,SBrkr,AllPub
873,GasA,Ex,Y,SBrkr,AllPub
874,GasA,Ex,Y,SBrkr,AllPub
875,GasA,TA,Y,SBrkr,AllPub
876,GasA,Gd,Y,SBrkr,AllPub
877,GasA,Gd,Y,SBrkr,AllPub
879,GasA,Ex,Y,SBrkr,AllPub
880,GasA,Ex,Y,SBrkr,AllPub
881,GasA,Ex,Y,SBrkr,AllPub
882,GasA,Ex,Y,FuseA,AllPub
883,GasA,TA,Y,SBrkr,AllPub
884,GasA,Ex,Y,SBrkr,AllPub
885,GasA,Gd,Y,SBrkr,AllPub
886,GasA,Ex,Y,SBrkr,AllPub
887,GasA,Ex,Y,SBrkr,AllPub
888,GasA,Ex,Y,SBrkr,AllPub
889,GasA,Ex,Y,SBrkr,AllPub
890,GasA,Ex,Y,SBrkr,AllPub
891,GasA,TA,Y,SBrkr,AllPub
892,GasA,Gd,Y,SBrkr,AllPub
893,GasA,TA,N,SBrkr,AllPub
894,GasA,TA,Y,SBrkr,AllPub
895,GasA,Ex,Y,SBrkr,AllPub
896,GasA,TA,Y,SBrkr,AllPub
897,GasA,Ex,Y,SBrkr,AllPub
898,GasA,Gd,Y,FuseA,AllPub
899,GasA,Gd,Y,SBrkr,AllPub
900,GasA,Ex,Y,SBrkr,AllPub
902,GasA,Ex,Y,SBrkr,AllPub
903,GasA,Ex,Y,SBrkr,AllPub
904,GasA,Ex,Y,SBrkr,AllPub
905,GasA,Ex,Y,SBrkr,AllPub
906,GasA,TA,Y,SBrkr,AllPub
907,GasA,Ex,Y,SBrkr,AllPub
908,GasA,TA,Y,SBrkr,AllPub
909,GasA,Ex,Y,SBrkr,AllPub
910,GasA,Gd,Y,SBrkr,AllPub
911,GasA,TA,Y,SBrkr,AllPub
912,GasW,Gd,N,SBrkr,AllPub
913,GasA,TA,Y,SBrkr,AllPub
914,GasA,Ex,Y,SBrkr,AllPub
915,GasA,Ex,Y,SBrkr,AllPub
916,GasA,Ex,Y,SBrkr,AllPub
917,GasA,Gd,Y,SBrkr,AllPub
918,GasA,TA,Y,SBrkr,AllPub
919,GasA,TA,N,FuseA,AllPub
920,GasA,Ex,Y,SBrkr,AllPub
921,GasA,Ex,Y,SBrkr,AllPub
922,GasA,Ex,Y,SBrkr,AllPub
923,GasA,Ex,Y,FuseA,AllPub
925,GasA,TA,Y,SBrkr,AllPub
926,GasA,TA,Y,SBrkr,AllPub
927,GasA,Ex,Y,SBrkr,AllPub
928,GasA,Ex,Y,SBrkr,AllPub
929,GasA,Ex,Y,SBrkr,AllPub
930,GasA,TA,Y,SBrkr,AllPub
931,GasA,TA,Y,SBrkr,AllPub
932,GasA,TA,Y,SBrkr,AllPub
934,GasA,Ex,Y,SBrkr,AllPub
935,GasA,Ex,Y,SBrkr,AllPub
936,GasA,Ex,Y,SBrkr,AllPub
937,GasA,Ex,Y,SBrkr,AllPub
938,GasA,Ex,Y,SBrkr,AllPub
939,GasA,Ex,Y,SBrkr,AllPub
940,GasA,Ex,Y,SBrkr,AllPub
941,GasA,Ex,Y,SBrkr,AllPub
944,GasA,TA,Y,SBrkr,AllPub
945,GasA,TA,Y,SBrkr,AllPub
946,GasA,Ex,Y,SBrkr,AllPub
947,GasA,Ex,Y,SBrkr,AllPub
948,GasA,Gd,Y,SBrkr,AllPub
949,GasA,Gd,Y,SBrkr,AllPub
950,GasA,TA,Y,SBrkr,AllPub
952,GasA,Gd,Y,SBrkr,AllPub
953,GasA,Ex,Y,SBrkr,AllPub
955,GasA,Ex,Y,SBrkr,AllPub
956,GasA,Ex,Y,SBrkr,AllPub
957,GasA,Gd,Y,SBrkr,AllPub
958,GasA,Ex,Y,SBrkr,AllPub
960,GasA,Ex,Y,SBrkr,AllPub
961,GasA,Ex,Y,SBrkr,AllPub
962,GasA,Ex,Y,SBrkr,AllPub
963,GasA,Ex,Y,SBrkr,AllPub
965,GasA,TA,Y,SBrkr,AllPub
966,GasA,TA,Y,SBrkr,AllPub
967,GasA,Ex,Y,SBrkr,AllPub
968,GasA,Ex,Y,SBrkr,AllPub
969,GasA,TA,Y,SBrkr,AllPub
971,GasA,Ex,Y,SBrkr,AllPub
972,GasA,TA,Y,SBrkr,AllPub
973,GasA,Ex,Y,SBrkr,AllPub
974,GasW,Ex,Y,SBrkr,AllPub
975,GasA,TA,Y,SBrkr,AllPub
976,GasA,Ex,Y,SBrkr,AllPub
977,GasA,Gd,Y,SBrkr,AllPub
979,GasA,Ex,Y,SBrkr,AllPub
980,GasA,TA,Y,SBrkr,AllPub
981,GasA,Ex,Y,FuseA,AllPub
982,GasA,TA,Y,SBrkr,AllPub
983,GasA,Ex,Y,SBrkr,AllPub
984,GasA,TA,Y,SBrkr,AllPub
985,GasA,Ex,Y,SBrkr,AllPub
986,GasA,Ex,Y,SBrkr,AllPub
987,GasA,Gd,Y,SBrkr,AllPub
988,GasA,TA,Y,SBrkr,AllPub
989,GasA,Ex,Y,SBrkr,AllPub
990,GasA,Ex,Y,SBrkr,AllPub
991,GasA,TA,Y,SBrkr,AllPub
992,GasA,TA,Y,SBrkr,AllPub
993,GasA,TA,Y,SBrkr,AllPub
994,GasA,Ex,Y,SBrkr,AllPub
995,GasA,TA,Y,SBrkr,AllPub
996,GasA,Gd,Y,SBrkr,AllPub
997,GasA,TA,Y,SBrkr,AllPub
998,GasA,Ex,Y,SBrkr,AllPub
999,GasA,TA,Y,SBrkr,AllPub
1000,GasA,Ex,Y,FuseA,AllPub
1001,GasA,TA,Y,SBrkr,AllPub
1002,GasA,TA,Y,SBrkr,AllPub
1003,GasA,Ex,Y,SBrkr,AllPub
1004,GasA,Ex,Y,SBrkr,AllPub
1005,GasA,TA,Y,SBrkr,AllPub
1006,GasA,Ex,Y,SBrkr,AllPub
1008,GasA,Ex,Y,SBrkr,AllPub
1009,GasA,TA,Y,SBrkr,AllPub
1010,GasA,TA,N,FuseF,AllPub
1011,GasA,Gd,Y,SBrkr,AllPub
1012,GasA,TA,Y,FuseA,AllPub
1013,GasA,Fa,Y,SBrkr,AllPub
1014,GasA,Ex,Y,SBrkr,AllPub
1015,GasA,Ex,Y,SBrkr,AllPub
1016,GasA,Gd,Y,SBrkr,AllPub
1017,GasA,Fa,Y,SBrkr,AllPub
1018,GasA,Gd,Y,SBrkr,AllPub
1019,GasA,TA,Y,FuseA,AllPub
1020,GasA,Gd,Y,SBrkr,AllPub
1021,GasA,TA,Y,SBrkr,AllPub
1024,GasA,Ex,Y,SBrkr,AllPub
1025,GasA,Ex,Y,SBrkr,AllPub
1026,GasA,Ex,N,SBrkr,AllPub
1027,GasA,TA,Y,SBrkr,AllPub
1029,GasA,Ex,Y,SBrkr,AllPub
1030,GasA,Ex,Y,SBrkr,AllPub
1031,GasA,TA,Y,SBrkr,AllPub
1032,GasA,Ex,Y,SBrkr,AllPub
1033,GasA,Ex,Y,SBrkr,AllPub
1034,GasA,Ex,Y,SBrkr,AllPub
1035,GasA,Ex,Y,SBrkr,AllPub
1036,GasA,Ex,Y,SBrkr,AllPub
1038,GasA,Ex,Y,SBrkr,AllPub
1039,GasA,TA,Y,SBrkr,AllPub
1040,GasA,Ex,Y,SBrkr,AllPub
1041,GasA,Ex,Y,SBrkr,AllPub
1042,GasA,Gd,Y,SBrkr,AllPub
1043,GasA,Ex,Y,SBrkr,AllPub
1044,GasA,Ex,Y,SBrkr,AllPub
1045,GasA,Gd,Y,SBrkr,AllPub
1046,GasA,TA,Y,SBrkr,AllPub
1047,GasA,TA,Y,SBrkr,AllPub
1048,GasA,Ex,Y,SBrkr,AllPub
1050,GasA,Gd,Y,SBrkr,AllPub
1052,GasA,Ex,Y,SBrkr,AllPub
1053,GasA,Ex,Y,SBrkr,AllPub
1054,GasA,Ex,Y,SBrkr,AllPub
1055,GasA,Gd,Y,SBrkr,AllPub
1056,GasA,Ex,Y,SBrkr,AllPub
1057,GasA,TA,Y,SBrkr,AllPub
1058,GasA,Ex,Y,SBrkr,AllPub
1059,GasA,Ex,Y,SBrkr,AllPub
1060,GasA,Ex,Y,SBrkr,AllPub
1061,GasA,Ex,Y,SBrkr,AllPub
1062,GasA,Ex,Y,SBrkr,AllPub
1063,GasA,Ex,Y,SBrkr,AllPub
1064,GasA,Ex,Y,SBrkr,AllPub
1065,GasA,TA,Y,FuseF,AllPub
1066,GasA,TA,Y,SBrkr,AllPub
1067,GasA,Gd,Y,SBrkr,AllPub
1068,GasA,Ex,Y,SBrkr,AllPub
1069,GasA,Ex,Y,SBrkr,AllPub
1070,GasA,Ex,Y,SBrkr,AllPub
1071,GasA,TA,Y,SBrkr,AllPub
1072,GasA,Ex,Y,SBrkr,AllPub
1073,GasA,TA,Y,SBrkr,AllPub
1075,GasA,Ex,Y,SBrkr,AllPub
1076,GasA,Gd,Y,SBrkr,AllPub
1077,GasA,Fa,Y,SBrkr,AllPub
1078,GasA,Ex,Y,SBrkr,AllPub
1079,GasA,Gd,Y,SBrkr,AllPub
1080,GasA,Fa,Y,SBrkr,AllPub
1081,GasA,Ex,Y,SBrkr,AllPub
1082,GasA,Gd,Y,SBrkr,AllPub
1083,GasA,Ex,Y,SBrkr,AllPub
1084,GasA,Ex,Y,SBrkr,AllPub
1085,GasA,Gd,Y,SBrkr,AllPub
1086,GasA,Ex,Y,SBrkr,AllPub
1087,GasA,Ex,Y,SBrkr,AllPub
1090,GasA,Ex,Y,SBrkr,AllPub
1091,GasA,TA,Y,SBrkr,AllPub
1092,GasA,Ex,Y,SBrkr,AllPub
1093,GasA,Gd,Y,SBrkr,AllPub
1094,GasA,TA,Y,SBrkr,AllPub
1095,GasA,Gd,Y,FuseA,AllPub
1096,GasA,TA,Y,SBrkr,AllPub
1097,GasA,TA,Y,SBrkr,AllPub
1099,GasA,Ex,Y,SBrkr,AllPub
1100,GasA,Ex,Y,SBrkr,AllPub
1101,GasA,TA,Y,SBrkr,AllPub
1102,GasA,TA,Y,FuseA,AllPub
1103,GasA,Ex,Y,SBrkr,AllPub
1104,GasA,TA,Y,SBrkr,AllPub
1105,GasA,Gd,Y,SBrkr,AllPub
1106,GasA,TA,Y,SBrkr,AllPub
1107,GasA,Ex,Y,SBrkr,AllPub
1108,GasA,Ex,Y,SBrkr,AllPub
1109,GasA,Ex,N,SBrkr,AllPub
1110,GasA,Ex,Y,SBrkr,AllPub
1111,GasA,Ex,Y,SBrkr,AllPub
1112,GasA,Gd,Y,SBrkr,AllPub
1113,GasA,Ex,Y,SBrkr,AllPub
1114,GasA,Ex,Y,SBrkr,AllPub
1115,GasA,Gd,Y,SBrkr,AllPub
1116,GasA,TA,Y,SBrkr,AllPub
1117,GasA,Ex,Y,SBrkr,AllPub
1118,GasA,TA,Y,SBrkr,AllPub
1119,GasA,TA,Y,SBrkr,AllPub
1120,GasA,TA,Y,SBrkr,AllPub
1121,GasA,Ex,Y,SBrkr,AllPub
1122,GasA,Ex,Y,SBrkr,AllPub
1123,GasA,Gd,Y,SBrkr,AllPub
1124,GasA,Gd,Y,SBrkr,AllPub
1126,GasA,Ex,Y,SBrkr,AllPub
1127,GasA,TA,Y,SBrkr,AllPub
1128,GasA,Ex,Y,SBrkr,AllPub
1129,GasA,Ex,Y,SBrkr,AllPub
1130,GasA,Fa,Y,SBrkr,AllPub
1131,GasA,Gd,Y,SBrkr,AllPub
1132,GasA,Ex,Y,SBrkr,AllPub
1133,GasA,TA,Y,SBrkr,AllPub
1134,GasA,TA,Y,FuseA,AllPub
1135,GasA,TA,Y,SBrkr,AllPub
1136,GasA,Ex,Y,SBrkr,AllPub
1138,GasA,Ex,Y,SBrkr,AllPub
1139,GasA,Ex,Y,SBrkr,AllPub
1140,GasA,Ex,Y,SBrkr,AllPub
1141,GasA,Gd,Y,SBrkr,AllPub
1142,GasA,Gd,Y,SBrkr,AllPub
1143,GasA,Ex,Y,SBrkr,AllPub
1144,GasA,Ex,Y,SBrkr,AllPub
1145,GasA,Gd,Y,SBrkr,AllPub
1146,GasA,Gd,Y,SBrkr,AllPub
1148,GasA,Ex,Y,FuseA,AllPub
1149,GasA,Ex,Y,SBrkr,AllPub
1150,GasA,Ex,Y,SBrkr,AllPub
1151,GasA,Gd,Y,SBrkr,AllPub
1152,GasA,Ex,Y,SBrkr,AllPub
1153,GasA,Ex,Y,SBrkr,AllPub
1154,GasA,TA,Y,SBrkr,AllPub
1155,GasA,Ex,Y,SBrkr,AllPub
1156,GasA,Ex,Y,SBrkr,AllPub
1158,GasA,Ex,Y,SBrkr,AllPub
1159,GasA,Gd,Y,Mix,AllPub
1160,GasA,Ex,Y,SBrkr,AllPub
1161,GasA,Ex,Y,SBrkr,AllPub
1162,GasA,Ex,Y,SBrkr,AllPub
1163,GasA,TA,Y,SBrkr,AllPub
1164,GasA,Ex,Y,SBrkr,AllPub
1165,GasA,TA,Y,SBrkr,AllPub
1166,GasA,Gd,Y,SBrkr,AllPub
1167,GasA,Gd,Y,SBrkr,AllPub
1168,GasA,Ex,Y,SBrkr,AllPub
1169,GasA,Gd,Y,SBrkr,AllPub
1170,GasA,Ex,Y,SBrkr,AllPub
1171,GasA,Gd,Y,SBrkr,AllPub
1172,GasA,TA,Y,SBrkr,AllPub
1173,GasA,Gd,Y,SBrkr,AllPub
1174,GasA,TA,Y,SBrkr,AllPub
1175,GasA,Ex,Y,SBrkr,AllPub
1176,GasA,TA,Y,SBrkr,AllPub
1177,GasA,Ex,Y,SBrkr,AllPub
1178,GasA,Gd,Y,FuseA,AllPub
1179,GasA,Ex,Y,SBrkr,AllPub
1180,GasA,Ex,Y,SBrkr,AllPub
1181,GasA,Ex,Y,SBrkr,AllPub
1182,GasA,TA,Y,SBrkr,AllPub
1183,GasA,TA,Y,SBrkr,AllPub
1184,GasA,Gd,Y,SBrkr,AllPub
1185,GasA,Gd,Y,SBrkr,AllPub
1186,GasA,Ex,Y,SBrkr,AllPub
1187,GasA,Ex,Y,SBrkr,AllPub
1188,GasA,Ex,Y,SBrkr,AllPub
1189,GasA,TA,Y,SBrkr,AllPub
1190,GasA,Gd,Y,SBrkr,AllPub
1191,GasA,Gd,Y,FuseA,AllPub
1192,GasA,TA,N,FuseA,AllPub
1193,GasA,Ex,Y,SBrkr,AllPub
1194,GasA,Gd,Y,SBrkr,AllPub
1195,GasA,Fa,Y,SBrkr,AllPub
1196,GasA,Ex,Y,SBrkr,AllPub
1197,GasA,TA,Y,SBrkr,AllPub
1198,GasA,TA,Y,SBrkr,AllPub
1199,GasA,Ex,Y,SBrkr,AllPub
1200,GasA,TA,Y,SBrkr,AllPub
1201,GasA,Ex,Y,SBrkr,AllPub
1202,GasA,Gd,Y,SBrkr,AllPub
1203,GasA,Gd,Y,SBrkr,AllPub
1205,GasA,Ex,Y,SBrkr,AllPub
1206,GasA,Ex,Y,SBrkr,AllPub
1207,GasA,Gd,Y,SBrkr,AllPub
1208,GasA,Gd,Y,SBrkr,AllPub
1209,GasA,Ex,Y,SBrkr,AllPub
1210,GasA,Gd,Y,SBrkr,AllPub
1212,GasA,Gd,N,FuseA,AllPub
1213,GasA,TA,Y,SBrkr,AllPub
1214,GasA,Ex,Y,SBrkr,AllPub
1215,GasA,Gd,Y,SBrkr,AllPub
1216,GasA,Gd,Y,SBrkr,AllPub
1217,GasA,TA,Y,SBrkr,AllPub
1218,GasA,Ex,Y,SBrkr,AllPub
1219,GasA,Ex,Y,SBrkr,AllPub
1220,GasA,TA,Y,SBrkr,AllPub
1221,GasA,Ex,Y,SBrkr,AllPub
1223,GasA,Ex,Y,SBrkr,AllPub
1224,GasA,Fa,Y,SBrkr,AllPub
1225,GasA,Ex,Y,SBrkr,AllPub
1226,GasA,TA,Y,SBrkr,AllPub
1227,GasA,Ex,Y,SBrkr,AllPub
1228,GasA,Ex,Y,SBrkr,AllPub
1229,GasA,Ex,Y,SBrkr,AllPub
1230,GasA,TA,Y,SBrkr,AllPub
1231,GasA,Gd,Y,SBrkr,AllPub
1232,GasA,Ex,Y,SBrkr,AllPub
1233,GasA,TA,Y,SBrkr,AllPub
1234,GasA,TA,Y,SBrkr,AllPub
1235,GasA,Ex,Y,SBrkr,AllPub
1236,GasA,Ex,Y,SBrkr,AllPub
1237,GasA,Ex,Y,SBrkr,AllPub
1238,GasA,Ex,Y,SBrkr,AllPub
1239,GasA,TA,Y,SBrkr,AllPub
1240,GasA,Ex,Y,SBrkr,AllPub
1241,GasA,Ex,Y,SBrkr,AllPub
1242,GasA,Ex,Y,SBrkr,AllPub
1243,GasA,TA,Y,SBrkr,AllPub
1244,GasA,Ex,Y,SBrkr,AllPub
1245,GasA,TA,N,SBrkr,AllPub
1246,GasA,Ex,Y,FuseF,AllPub
1247,GasA,TA,Y,SBrkr,AllPub
1248,GasA,Ex,Y,SBrkr,AllPub
1249,GasA,TA,Y,SBrkr,AllPub
1250,GasA,Ex,Y,SBrkr,AllPub
1251,GasA,Ex,Y,SBrkr,AllPub
1253,GasA,TA,Y,SBrkr,AllPub
1254,GasA,Ex,Y,SBrkr,AllPub
1255,GasA,Ex,Y,SBrkr,AllPub
1257,GasA,Ex,Y,SBrkr,AllPub
1258,GasA,Gd,Y,SBrkr,AllPub
1259,GasA,Ex,Y,SBrkr,AllPub
1260,GasA,Gd,Y,SBrkr,AllPub
1261,GasA,Ex,Y,SBrkr,AllPub
1262,GasA,Ex,Y,SBrkr,AllPub
1263,GasA,Ex,Y,SBrkr,AllPub
1264,GasA,TA,Y,SBrkr,AllPub
1265,GasA,TA,Y,SBrkr,AllPub
1266,GasA,Ex,Y,SBrkr,AllPub
1267,GasA,Ex,Y,FuseA,AllPub
1268,GasA,TA,Y,SBrkr,AllPub
1269,GasA,TA,Y,SBrkr,AllPub
1271,GasA,Ex,Y,SBrkr,AllPub
1272,GasA,Ex,Y,SBrkr,AllPub
1273,GasA,Gd,Y,SBrkr,AllPub
1274,GasA,Ex,Y,SBrkr,AllPub
1275,GasA,Ex,Y,SBrkr,AllPub
1276,GasA,Ex,Y,SBrkr,AllPub
1277,GasA,Ex,Y,FuseA,AllPub
1278,GasA,Ex,Y,SBrkr,AllPub
1279,GasA,TA,Y,SBrkr,AllPub
1280,GasA,Ex,Y,SBrkr,AllPub
1281,GasA,Ex,Y,SBrkr,AllPub
1282,GasA,Gd,Y,SBrkr,AllPub
1283,GasA,Ex,Y,SBrkr,AllPub
1284,GasA,Ex,Y,SBrkr,AllPub
1285,GasA,Ex,Y,SBrkr,AllPub
1286,GasA,Ex,Y,SBrkr,AllPub
1287,GasW,Gd,Y,SBrkr,AllPub
1288,GasA,TA,Y,SBrkr,AllPub
1289,GasA,TA,Y,SBrkr,AllPub
1290,GasA,Fa,Y,FuseA,AllPub
1291,GasA,Ex,Y,SBrkr,AllPub
1292,GasA,TA,N,FuseF,AllPub
1293,GasA,Ex,Y,SBrkr,AllPub
1294,GasA,TA,Y,SBrkr,AllPub
1295,GasA,TA,N,SBrkr,AllPub
1296,GasA,Ex,Y,SBrkr,AllPub
1297,GasA,TA,Y,SBrkr,AllPub
1298,GasA,Ex,Y,SBrkr,AllPub
1299,GasA,Ex,Y,SBrkr,AllPub
1300,GasA,Ex,Y,SBrkr,AllPub
1301,GasA,Fa,Y,SBrkr,AllPub
1302,GasA,TA,Y,SBrkr,AllPub
1303,GasA,Gd,Y,SBrkr,AllPub
1304,GasA,Gd,Y,SBrkr,AllPub
1305,GasA,Ex,Y,SBrkr,AllPub
1306,GasA,Ex,Y,SBrkr,AllPub
1307,GasA,Fa,N,SBrkr,AllPub
1308,GasA,Ex,Y,SBrkr,AllPub
1310,GasA,TA,Y,SBrkr,AllPub
1311,GasA,Ex,Y,SBrkr,AllPub
1312,GasA,Fa,Y,SBrkr,AllPub
1313,GasA,TA,Y,SBrkr,AllPub
1314,GasA,Ex,Y,SBrkr,AllPub
1315,GasA,Ex,Y,SBrkr,AllPub
1316,GasA,Gd,Y,SBrkr,AllPub
1317,GasA,Ex,Y,SBrkr,AllPub
1318,GasA,Ex,Y,SBrkr,AllPub
1319,GasA,Ex,Y,SBrkr,AllPub
1320,GasA,Ex,Y,SBrkr,AllPub
1321,GasA,TA,Y,SBrkr,AllPub
1322,GasA,Ex,Y,SBrkr,AllPub
1323,GasA,Gd,Y,SBrkr,AllPub
1324,GasA,Ex,Y,SBrkr,AllPub
1326,GasA,Ex,Y,SBrkr,AllPub
1328,GasA,Ex,Y,SBrkr,AllPub
1329,GasA,Ex,Y,SBrkr,AllPub
1330,GasA,Ex,Y,SBrkr,AllPub
1332,GasA,Ex,Y,SBrkr,AllPub
1333,GasA,Ex,Y,SBrkr,AllPub
1334,GasA,Ex,Y,SBrkr,AllPub
1335,GasA,Ex,Y,SBrkr,AllPub
1336,GasA,Ex,Y,FuseA,AllPub
1337,GasA,Ex,Y,SBrkr,AllPub
1338,GasA,Ex,Y,SBrkr,AllPub
1339,GasA,Ex,Y,SBrkr,AllPub
1340,GasA,Gd,Y,SBrkr,AllPub
1341,GasA,TA,Y,SBrkr,AllPub
1342,GasA,Ex,Y,SBrkr,AllPub
1343,GasA,Ex,Y,SBrkr,AllPub
1344,GasA,TA,Y,SBrkr,AllPub
1345,GasA,TA,Y,SBrkr,AllPub
1346,GasA,TA,Y,FuseA,AllPub
1347,GasA,Ex,Y,SBrkr,AllPub
1348,GasA,Ex,Y,SBrkr,AllPub
1349,GasA,TA,Y,SBrkr,AllPub
1350,GasA,Ex,Y,SBrkr,AllPub
1351,GasA,TA,Y,SBrkr,AllPub
1352,GasA,TA,Y,SBrkr,AllPub
1353,GasA,Fa,Y,FuseA,AllPub
1354,GasA,TA,Y,SBrkr,AllPub
1355,GasA,Gd,Y,SBrkr,AllPub
1356,GasA,Ex,Y,SBrkr,AllPub
1357,GasA,TA,Y,SBrkr,AllPub
1358,GasA,Ex,Y,SBrkr,AllPub
1359,GasA,TA,N,FuseA,AllPub
1360,GasA,Ex,Y,SBrkr,AllPub
1362,GasA,TA,Y,SBrkr,AllPub
1363,GasA,Fa,N,FuseF,AllPub
1364,GasA,Ex,Y,SBrkr,AllPub
1365,GasW,TA,Y,FuseA,AllPub
1367,GasA,Ex,Y,SBrkr,AllPub
1368,GasA,Ex,Y,SBrkr,AllPub
1369,GasA,Ex,Y,SBrkr,AllPub
1370,GasA,Ex,Y,FuseA,AllPub
1371,GasA,Ex,Y,SBrkr,AllPub
1373,GasA,Gd,Y,SBrkr,AllPub
1375,GasA,Ex,Y,SBrkr,AllPub
1378,GasA,TA,Y,SBrkr,AllPub
1379,GasA,Gd,Y,SBrkr,AllPub
1380,GasA,Ex,Y,SBrkr,AllPub
1381,GasA,Ex,Y,SBrkr,AllPub
1382,GasA,Ex,Y,SBrkr,AllPub
1383,GasA,Ex,Y,SBrkr,AllPub
1386,GasA,TA,Y,SBrkr,AllPub
1388,GasA,TA,Y,SBrkr,AllPub
1389,GasA,Ex,Y,SBrkr,AllPub
1390,GasA,Ex,Y,SBrkr,AllPub
1391,GasA,TA,Y,SBrkr,AllPub
1392,GasA,Ex,Y,SBrkr,AllPub
1393,GasA,Ex,Y,SBrkr,AllPub
1394,GasA,TA,N,FuseA,AllPub
1395,GasA,Gd,Y,SBrkr,AllPub
1396,GasA,Ex,Y,SBrkr,AllPub
1397,GasA,TA,Y,SBrkr,AllPub
1398,GasA,Gd,Y,SBrkr,AllPub
1399,GasA,TA,Y,SBrkr,AllPub
1400,GasA,TA,Y,SBrkr,AllPub
1401,GasA,Ex,Y,SBrkr,AllPub
1402,GasA,Ex,Y,SBrkr,AllPub
1403,GasA,TA,Y,SBrkr,AllPub
1404,GasA,Ex,Y,SBrkr,AllPub
1405,GasA,TA,Y,SBrkr,AllPub
1406,GasA,Ex,Y,SBrkr,AllPub
1407,GasA,Fa,N,SBrkr,AllPub
1408,GasA,TA,Y,FuseA,AllPub
1409,GasA,Ex,Y,SBrkr,AllPub
1410,GasA,Ex,Y,SBrkr,AllPub
1411,GasA,Gd,Y,SBrkr,AllPub
1412,GasA,Ex,Y,SBrkr,AllPub
1413,GasA,Ex,Y,SBrkr,AllPub
1414,GasA,TA,Y,SBrkr,AllPub
1415,GasA,TA,Y,SBrkr,AllPub
1416,GasA,TA,Y,SBrkr,AllPub
1417,GasA,Ex,Y,SBrkr,AllPub
1418,GasA,Ex,Y,SBrkr,AllPub
1420,GasA,Ex,Y,SBrkr,AllPub
1421,GasA,Ex,Y,SBrkr,AllPub
1422,GasA,Gd,Y,SBrkr,AllPub
1423,GasA,TA,Y,SBrkr,AllPub
1424,GasA,Ex,Y,SBrkr,AllPub
1425,GasA,Ex,Y,SBrkr,AllPub
1426,GasA,Ex,Y,SBrkr,AllPub
1427,GasA,TA,Y,SBrkr,AllPub
1430,GasA,Ex,Y,SBrkr,AllPub
1431,GasA,Gd,Y,SBrkr,AllPub
1432,GasA,TA,Y,SBrkr,AllPub
1433,GasA,Ex,Y,SBrkr,AllPub
1434,GasA,Ex,Y,SBrkr,AllPub
1435,GasA,Gd,Y,SBrkr,AllPub
1436,GasA,Ex,Y,SBrkr,AllPub
1437,GasA,Ex,Y,SBrkr,AllPub
1438,GasA,Ex,Y,SBrkr,AllPub
1440,GasA,Gd,Y,SBrkr,AllPub
1441,GasA,Ex,Y,SBrkr,AllPub
1442,GasA,TA,Y,SBrkr,AllPub
1443,GasA,TA,Y,FuseA,AllPub
1444,GasA,Ex,Y,SBrkr,AllPub
1445,GasA,TA,Y,SBrkr,AllPub
1446,GasA,Gd,Y,FuseA,AllPub
1447,GasA,TA,Y,SBrkr,AllPub
1448,GasA,Ex,Y,SBrkr,AllPub
1449,GasA,Ex,Y,SBrkr,AllPub
1450,GasA,Ex,Y,SBrkr,AllPub
1452,GasA,Ex,Y,SBrkr,AllPub
1453,GasA,Ex,Y,SBrkr,AllPub
1454,GasA,TA,N,SBrkr,AllPub
1455,GasA,Gd,Y,SBrkr,AllPub
1457,GasA,TA,Y,SBrkr,AllPub
1458,GasA,Ex,Y,SBrkr,AllPub
1459,GasA,Ex,Y,SBrkr,AllPub
1460,GasA,Ex,Y,SBrkr,AllPub
1461,GasA,TA,Y,SBrkr,AllPub
1462,GasA,Ex,Y,SBrkr,AllPub
1463,GasA,Gd,Y,SBrkr,AllPub
1465,GasA,Ex,Y,SBrkr,AllPub
1466,GasA,TA,Y,SBrkr,AllPub
1467,GasA,Ex,Y,SBrkr,AllPub
1468,GasA,Ex,Y,SBrkr,AllPub
1469,GasA,Ex,Y,SBrkr,AllPub
1470,GasA,Gd,Y,SBrkr,AllPub
1471,GasA,Ex,Y,SBrkr,AllPub
1472,GasA,Gd,Y,FuseA,AllPub
1473,GasA,Ex,Y,SBrkr,AllPub
1474,GasA,Ex,Y,SBrkr,AllPub
1475,GasA,TA,Y,SBrkr,AllPub
1476,GasA,Ex,Y,SBrkr,AllPub
1477,GasA,Ex,Y,SBrkr,AllPub
1478,GasA,TA,Y,SBrkr,AllPub
1479,GasA,TA,Y,SBrkr,AllPub
1480,GasA,Ex,Y,SBrkr,AllPub
1482,GasA,Ex,Y,SBrkr,AllPub
1483,GasA,TA,Y,SBrkr,AllPub
1484,GasA,Ex,N,FuseA,AllPub
1485,GasA,TA,Y,FuseA,AllPub
1486,GasA,Gd,Y,SBrkr,AllPub
1487,GasA,TA,Y,SBrkr,AllPub
1488,GasA,Gd,N,FuseA,AllPub
1489,GasA,Ex,Y,SBrkr,AllPub
1490,GasA,Ex,Y,SBrkr,AllPub
1491,GasA,TA,Y,SBrkr,AllPub
1492,GasA,Ex,Y,SBrkr,AllPub
1493,GasA,TA,Y,FuseA,AllPub
1494,GasA,Gd,Y,SBrkr,AllPub
1495,GasA,TA,Y,SBrkr,AllPub
1496,GasA,TA,Y,SBrkr,AllPub
1497,GasA,Ex,Y,SBrkr,AllPub
1498,GasA,Gd,Y,SBrkr,AllPub
1499,GasA,Ex,Y,SBrkr,AllPub
1500,GasA,Ex,Y,SBrkr,AllPub
1501,GasA,TA,Y,FuseF,AllPub
1502,GasA,Ex,Y,SBrkr,AllPub
1503,GasA,Ex,Y,SBrkr,AllPub
1504,GasA,Ex,Y,SBrkr,AllPub
1505,GasA,Gd,Y,SBrkr,AllPub
1506,GasA,TA,Y,SBrkr,AllPub
1507,GasA,TA,Y,SBrkr,AllPub
1508,GasA,Gd,Y,SBrkr,AllPub
1509,GasA,TA,Y,SBrkr,AllPub
1510,GasA,TA,Y,SBrkr,AllPub
1512,GasA,Ex,Y,SBrkr,AllPub
1513,GasA,TA,Y,SBrkr,AllPub
1514,GasA,TA,Y,SBrkr,AllPub
1515,GasA,TA,Y,SBrkr,AllPub
1516,GasA,TA,Y,FuseA,AllPub
1517,GasA,Ex,Y,SBrkr,AllPub
1518,GasA,TA,N,FuseA,AllPub
1520,GasA,TA,Y,SBrkr,AllPub
1521,GasA,TA,Y,SBrkr,AllPub
1522,GasA,Ex,Y,SBrkr,AllPub
1523,GasA,TA,Y,SBrkr,AllPub
1524,GasA,Ex,Y,SBrkr,AllPub
1525,GasA,Ex,Y,SBrkr,AllPub
1526,GasA,TA,Y,SBrkr,AllPub
1527,GasA,Ex,Y,SBrkr,AllPub
1529,GasA,Ex,Y,SBrkr,AllPub
1530,GasA,TA,Y,SBrkr,AllPub
1531,GasA,Gd,Y,SBrkr,AllPub
1532,GasA,TA,Y,SBrkr,AllPub
1533,GasA,Ex,Y,SBrkr,AllPub
1534,GasA,Fa,Y,SBrkr,AllPub
1535,GasA,TA,Y,SBrkr,AllPub
1536,GasA,Fa,Y,SBrkr,AllPub
1537,GasA,Ex,Y,SBrkr,AllPub
1538,GasA,TA,Y,SBrkr,AllPub
1539,GasA,Ex,Y,SBrkr,AllPub
1540,GasA,Ex,Y,SBrkr,AllPub
1541,GasA,TA,Y,SBrkr,AllPub
1542,GasA,Ex,Y,SBrkr,AllPub
1543,GasA,Ex,Y,SBrkr,AllPub
1546,GasA,Ex,Y,SBrkr,AllPub
1548,GasA,Gd,Y,SBrkr,AllPub
1549,GasA,Gd,Y,SBrkr,AllPub
1550,GasA,Ex,Y,SBrkr,AllPub
1551,GasA,Ex,Y,SBrkr,AllPub
1552,GasA,TA,Y,SBrkr,AllPub
1553,GasA,Ex,Y,SBrkr,AllPub
1554,GasA,TA,Y,SBrkr,AllPub
1555,GasA,Ex,Y,SBrkr,AllPub
1556,GasA,Ex,Y,SBrkr,AllPub
1557,GasA,Ex,Y,SBrkr,AllPub
1558,GasA,TA,Y,SBrkr,AllPub
1559,GasA,Ex,Y,SBrkr,AllPub
1560,GasA,Ex,Y,SBrkr,AllPub
1561,GasA,Ex,Y,SBrkr,AllPub
1562,GasA,Gd,Y,SBrkr,AllPub
1565,GasA,Ex,Y,SBrkr,AllPub
1566,GasA,Ex,Y,SBrkr,AllPub
1567,GasA,Ex,Y,SBrkr,AllPub
1568,GasA,Gd,Y,FuseA,AllPub
1569,GasA,Ex,Y,SBrkr,AllPub
1570,GasA,Ex,Y,SBrkr,AllPub
1571,GasA,Gd,Y,SBrkr,AllPub
1572,GasA,TA,Y,SBrkr,AllPub
1573,GasA,Ex,Y,SBrkr,AllPub
1574,GasA,Ex,Y,SBrkr,AllPub
1575,GasA,TA,Y,FuseF,AllPub
1576,GasA,TA,Y,SBrkr,AllPub
1577,GasA,Gd,Y,SBrkr,AllPub
1578,GasA,TA,Y,SBrkr,AllPub
1579,GasA,Gd,Y,SBrkr,AllPub
1580,GasA,TA,Y,SBrkr,AllPub
1581,GasA,Ex,Y,SBrkr,AllPub
1582,GasA,TA,Y,SBrkr,AllPub
1583,GasA,Ex,Y,SBrkr,AllPub
1585,GasA,Ex,Y,SBrkr,AllPub
1586,GasA,Gd,Y,SBrkr,AllPub
1587,GasA,Gd,Y,SBrkr,AllPub
1588,GasA,Gd,Y,SBrkr,AllPub
1589,GasA,Gd,Y,SBrkr,AllPub
1590,GasA,Ex,Y,FuseF,AllPub
1591,GasA,Ex,Y,SBrkr,AllPub
1592,GasA,Ex,Y,SBrkr,AllPub
1593,GasA,Gd,Y,SBrkr,AllPub
1595,GasA,Ex,Y,SBrkr,AllPub
1596,GasA,Ex,Y,SBrkr,AllPub
1597,GasA,TA,Y,SBrkr,AllPub
1598,GasA,Ex,Y,SBrkr,AllPub
1599,GasA,TA,Y,SBrkr,AllPub
1600,GasA,TA,Y,SBrkr,AllPub
1601,GasA,Ex,Y,SBrkr,AllPub
1602,GasA,Ex,Y,SBrkr,AllPub
1603,GasA,Ex,Y,SBrkr,AllPub
1604,GasA,Gd,Y,SBrkr,AllPub
1605,GasA,Ex,Y,SBrkr,AllPub
1606,GasA,Ex,Y,SBrkr,AllPub
1607,GasA,Ex,Y,SBrkr,AllPub
1608,GasA,Ex,Y,SBrkr,AllPub
1609,GasA,TA,Y,SBrkr,AllPub
1610,GasA,Gd,Y,SBrkr,AllPub
1611,GasA,Ex,Y,SBrkr,AllPub
1612,GasA,Ex,Y,SBrkr,AllPub
1613,GasA,Gd,Y,SBrkr,AllPub
1614,GasA,TA,Y,SBrkr,AllPub
1615,GasA,Gd,Y,SBrkr,AllPub
1616,GasA,TA,Y,SBrkr,AllPub
1617,GasA,Ex,Y,SBrkr,AllPub
1618,GasA,Gd,Y,SBrkr,AllPub
1619,GasA,Gd,Y,FuseA,AllPub
1621,GasA,Ex,Y,SBrkr,AllPub
1622,GasA,Gd,Y,SBrkr,AllPub
1623,GasA,Gd,Y,SBrkr,AllPub
1624,GasA,Ex,Y,SBrkr,AllPub
1625,GasA,TA,Y,SBrkr,AllPub
1626,GasA,TA,Y,SBrkr,AllPub
1627,GasA,Ex,Y,SBrkr,AllPub
1628,GasA,TA,N,SBrkr,AllPub
1629,GasA,Gd,Y,SBrkr,AllPub
1630,GasA,Ex,Y,SBrkr,AllPub
1631,GasA,TA,Y,SBrkr,AllPub
1632,GasA,Ex,Y,SBrkr,AllPub
1633,GasA,Ex,Y,SBrkr,AllPub
1635,GasA,Gd,Y,SBrkr,AllPub
1636,GasA,Ex,Y,SBrkr,AllPub
1637,GasA,Ex,Y,FuseA,AllPub
1638,GasA,Ex,Y,SBrkr,AllPub
1639,GasA,Ex,Y,SBrkr,AllPub
1640,GasA,Ex,Y,SBrkr,AllPub
1641,GasA,Ex,Y,SBrkr,AllPub
1642,GasA,Ex,Y,SBrkr,AllPub
1643,GasA,TA,Y,SBrkr,AllPub
1644,GasA,Gd,Y,SBrkr,AllPub
1645,GasA,Ex,Y,FuseF,AllPub
1646,GasA,Ex,Y,SBrkr,AllPub
1647,GasA,Ex,Y,SBrkr,AllPub
1648,GasA,TA,Y,SBrkr,AllPub
1649,GasA,Gd,Y,SBrkr,AllPub
1650,GasA,Ex,Y,SBrkr,AllPub
1651,GasA,Ex,Y,SBrkr,AllPub
1652,GasA,Ex,Y,SBrkr,AllPub
1653,GasA,TA,Y,SBrkr,AllPub
1654,GasA,Ex,Y,SBrkr,AllPub
1655,GasW,TA,N,SBrkr,AllPub
1656,GasA,TA,N,FuseA,AllPub
1657,GasA,Ex,Y,SBrkr,AllPub
1658,GasA,TA,N,FuseF,AllPub
1659,GasA,Ex,Y,SBrkr,AllPub
1660,GasA,TA,Y,SBrkr,AllPub
1661,GasA,TA,Y,FuseA,AllPub
1662,GasA,Ex,Y,SBrkr,AllPub
1663,GasA,TA,Y,FuseA,AllPub
1664,GasA,Gd,Y,SBrkr,AllPub
1665,GasA,Ex,Y,SBrkr,AllPub
1666,GasA,TA,Y,SBrkr,AllPub
1667,GasA,Ex,Y,SBrkr,AllPub
1668,GasA,Ex,Y,SBrkr,AllPub
1669,GasA,TA,Y,SBrkr,AllPub
1670,GasA,Ex,Y,SBrkr,AllPub
1671,GasA,Ex,Y,SBrkr,AllPub
1672,GasA,Gd,Y,SBrkr,AllPub
1673,GasA,Ex,Y,SBrkr,AllPub
1674,GasA,Ex,Y,SBrkr,AllPub
1675,GasA,Ex,Y,FuseA,AllPub
1676,GasA,TA,Y,SBrkr,AllPub
1677,GasA,TA,Y,FuseA,AllPub
1678,GasA,Gd,Y,SBrkr,AllPub
1679,GasA,Gd,Y,SBrkr,AllPub
1680,GasA,Ex,Y,SBrkr,AllPub
1682,GasA,Ex,Y,SBrkr,AllPub
1683,GasA,Ex,Y,SBrkr,AllPub
1685,GasA,Ex,Y,SBrkr,AllPub
1687,GasA,Ex,Y,SBrkr,AllPub
1688,GasA,Fa,Y,SBrkr,AllPub
1689,GasA,Ex,Y,FuseA,AllPub
1690,GasA,Ex,Y,SBrkr,AllPub
1691,GasA,Gd,Y,SBrkr,AllPub
1692,GasA,Ex,Y,SBrkr,AllPub
1693,GasA,Ex,Y,SBrkr,AllPub
1694,GasA,TA,Y,SBrkr,AllPub
1695,GasA,TA,Y,SBrkr,AllPub
1696,GasA,Ex,Y,SBrkr,AllPub
1697,GasA,Ex,Y,SBrkr,AllPub
1698,GasA,Ex,Y,SBrkr,AllPub
1699,GasA,Ex,Y,SBrkr,AllPub
1700,GasA,Ex,Y,SBrkr,AllPub
1701,GasA,TA,Y,SBrkr,AllPub
1702,GasA,Ex,Y,SBrkr,AllPub
1703,GasA,Ex,Y,SBrkr,AllPub
1704,GasA,Ex,Y,SBrkr,AllPub
1706,GasA,TA,Y,SBrkr,AllPub
1707,GasA,TA,N,SBrkr,AllPub
1708,GasA,Ex,Y,SBrkr,AllPub
1709,GasA,TA,Y,SBrkr,AllPub
1710,GasA,Ex,Y,SBrkr,AllPub
1713,GasA,Ex,Y,FuseA,AllPub
1714,GasA,TA,Y,SBrkr,AllPub
1715,GasA,Ex,Y,SBrkr,AllPub
1716,GasA,TA,N,SBrkr,AllPub
1717,GasA,Ex,Y,SBrkr,AllPub
1718,GasA,Ex,Y,FuseA,AllPub
1719,GasA,Ex,Y,SBrkr,AllPub
1720,GasA,TA,Y,SBrkr,AllPub
1721,GasA,Ex,Y,SBrkr,AllPub
1722,GasA,TA,Y,SBrkr,AllPub
1723,GasA,TA,Y,SBrkr,AllPub
1724,GasA,Ex,Y,SBrkr,AllPub
1725,GasA,TA,Y,FuseA,AllPub
1726,GasA,TA,Y,SBrkr,AllPub
1727,GasA,Ex,Y,SBrkr,AllPub
1728,GasA,Ex,Y,SBrkr,AllPub
1729,GasA,Gd,Y,SBrkr,AllPub
1730,GasA,TA,Y,SBrkr,AllPub
1731,GasA,TA,Y,SBrkr,AllPub
1732,GasA,Ex,Y,SBrkr,AllPub
1733,GasA,Ex,Y,SBrkr,AllPub
1734,GasA,TA,Y,FuseA,AllPub
1735,GasA,Gd,Y,SBrkr,AllPub
1737,GasA,Ex,Y,SBrkr,AllPub
1738,GasA,Ex,Y,SBrkr,AllPub
1739,GasA,Ex,Y,SBrkr,AllPub
1740,GasA,Ex,Y,SBrkr,AllPub
1741,GasA,Ex,Y,SBrkr,AllPub
1742,GasA,Ex,Y,SBrkr,AllPub
1743,GasA,TA,Y,SBrkr,AllPub
1744,GasA,TA,Y,SBrkr,AllPub
1745,GasA,Ex,Y,SBrkr,AllPub
1746,GasA,Ex,Y,SBrkr,AllPub
1747,GasA,TA,Y,SBrkr,AllPub
1748,GasA,Ex,Y,SBrkr,AllPub
1749,GasA,Gd,N,FuseA,AllPub
1750,GasA,Gd,Y,SBrkr,AllPub
1751,GasA,TA,Y,SBrkr,AllPub
1752,GasA,Ex,Y,SBrkr,AllPub
1753,GasA,Ex,Y,SBrkr,AllPub
1755,GasA,Gd,Y,SBrkr,AllPub
1756,GasA,TA,Y,SBrkr,AllPub
1757,GasA,TA,Y,SBrkr,AllPub
1758,GasA,Ex,Y,SBrkr,AllPub
1759,GasA,Ex,Y,SBrkr,AllPub
1760,GasA,Gd,Y,SBrkr,AllPub
1761,GasA,Gd,Y,SBrkr,AllPub
1762,GasA,Ex,Y,SBrkr,AllPub
1763,GasA,Ex,Y,SBrkr,AllPub
1764,GasA,Ex,Y,SBrkr,AllPub
1765,GasA,Ex,Y,FuseF,AllPub
1766,GasA,Ex,Y,SBrkr,AllPub
1767,GasA,Ex,Y,SBrkr,AllPub
1768,GasA,TA,Y,SBrkr,AllPub
1769,GasA,Gd,Y,SBrkr,AllPub
1770,GasA,Ex,Y,SBrkr,AllPub
1771,GasA,Gd,Y,SBrkr,AllPub
1772,GasA,TA,Y,SBrkr,AllPub
1773,GasA,Ex,Y,SBrkr,AllPub
1774,GasA,Fa,Y,FuseA,AllPub
1775,GasA,Ex,Y,SBrkr,AllPub
1776,GasA,Ex,Y,SBrkr,AllPub
1777,GasA,TA,Y,SBrkr,AllPub
1778,GasA,Gd,Y,SBrkr,AllPub
1779,GasA,Ex,Y,SBrkr,AllPub
1780,GasA,TA,Y,SBrkr,AllPub
1781,GasA,Ex,Y,SBrkr,AllPub
1782,GasA,Ex,Y,SBrkr,AllPub
1784,GasA,TA,Y,SBrkr,AllPub
1785,GasA,Fa,Y,FuseA,AllPub
1786,GasA,Ex,Y,SBrkr,AllPub
1787,GasA,Ex,Y,SBrkr,AllPub
1789,GasA,TA,Y,SBrkr,AllPub
1790,GasA,Ex,Y,SBrkr,AllPub
1791,GasA,Ex,Y,SBrkr,AllPub
1792,GasA,Ex,Y,SBrkr,AllPub
1793,GasA,Ex,N,SBrkr,AllPub
1794,GasA,Ex,N,FuseF,AllPub
1795,GasA,TA,Y,SBrkr,AllPub
1796,GasA,Ex,Y,SBrkr,AllPub
1797,GasA,Gd,Y,SBrkr,AllPub
1798,GasA,Gd,Y,SBrkr,AllPub
1800,GasA,Ex,Y,SBrkr,AllPub
1801,GasA,Ex,Y,SBrkr,AllPub
1802,GasA,Ex,Y,SBrkr,AllPub
1803,GasA,TA,Y,SBrkr,AllPub
1804,GasA,TA,Y,SBrkr,AllPub
1805,GasA,Ex,Y,SBrkr,AllPub
1806,GasA,Ex,Y,SBrkr,AllPub
1807,GasA,Ex,Y,SBrkr,AllPub
1808,GasA,TA,Y,SBrkr,AllPub
1809,GasA,Ex,Y,SBrkr,AllPub
1810,GasA,Ex,Y,SBrkr,AllPub
1811,GasA,Ex,Y,SBrkr,AllPub
1812,GasA,Ex,Y,SBrkr,AllPub
1813,GasA,Ex,Y,SBrkr,AllPub
1815,GasA,Ex,Y,SBrkr,AllPub
1816,GasA,Ex,Y,SBrkr,AllPub
1817,GasA,TA,Y,SBrkr,AllPub
1818,GasA,Ex,Y,SBrkr,AllPub
1819,GasA,Ex,Y,SBrkr,AllPub
1820,GasA,Ex,Y,SBrkr,AllPub
1821,GasA,Ex,Y,SBrkr,AllPub
1822,GasA,TA,Y,SBrkr,AllPub
1823,GasA,TA,Y,SBrkr,AllPub
1824,GasA,Ex,Y,SBrkr,AllPub
1825,GasA,Ex,Y,SBrkr,AllPub
1826,GasA,TA,Y,FuseA,AllPub
1827,GasA,Ex,Y,SBrkr,AllPub
1828,GasA,Ex,Y,SBrkr,AllPub
1829,GasA,Ex,Y,SBrkr,AllPub
1830,GasA,Ex,Y,SBrkr,AllPub
1831,GasA,Gd,Y,SBrkr,AllPub
1832,GasA,Ex,Y,SBrkr,AllPub
1833,GasA,TA,Y,SBrkr,AllPub
1834,GasA,TA,Y,SBrkr,AllPub
1835,GasA,Ex,Y,SBrkr,AllPub
1836,GasA,Ex,Y,SBrkr,AllPub
1837,GasA,TA,Y,SBrkr,AllPub
1838,GasA,TA,Y,SBrkr,AllPub
1839,GasA,Ex,Y,SBrkr,AllPub
1840,GasA,Ex,Y,SBrkr,AllPub
1842,GasA,Fa,N,SBrkr,AllPub
1843,GasA,Ex,Y,SBrkr,AllPub
1844,GasA,TA,N,FuseA,AllPub
1845,GasA,TA,Y,FuseA,AllPub
1846,GasA,Gd,Y,SBrkr,AllPub
1847,GasA,Gd,Y,SBrkr,AllPub
1848,GasA,Ex,Y,SBrkr,AllPub
1849,GasA,Ex,Y,SBrkr,AllPub
1850,GasA,Ex,Y,SBrkr,AllPub
1851,GasA,Ex,Y,SBrkr,AllPub
1852,GasA,Ex,Y,SBrkr,AllPub
1853,GasA,Ex,Y,SBrkr,AllPub
1854,GasA,TA,Y,SBrkr,AllPub
1855,GasA,Ex,Y,SBrkr,AllPub
1856,GasA,TA,Y,SBrkr,AllPub
1857,GasA,Ex,Y,SBrkr,AllPub
1858,GasA,Ex,Y,SBrkr,AllPub
1860,GasW,TA,Y,SBrkr,AllPub
1861,GasA,TA,Y,SBrkr,AllPub
1862,GasA,Fa,N,FuseA,AllPub
1863,GasA,Ex,Y,SBrkr,AllPub
1864,GasA,Ex,Y,SBrkr,AllPub
1865,GasA,TA,Y,SBrkr,AllPub
1866,GasA,Ex,Y,SBrkr,AllPub
1867,GasA,Ex,Y,SBrkr,AllPub
1868,GasA,Ex,Y,SBrkr,AllPub
1869,GasA,Fa,Y,SBrkr,AllPub
1870,GasA,Gd,Y,SBrkr,AllPub
1871,GasA,Ex,Y,SBrkr,AllPub
1872,GasA,Ex,Y,SBrkr,AllPub
1873,GasA,Gd,Y,SBrkr,AllPub
1874,GasA,Gd,Y,SBrkr,AllPub
1876,GasA,TA,Y,SBrkr,AllPub
1877,GasA,Ex,Y,SBrkr,AllPub
1878,GasA,TA,Y,SBrkr,AllPub
1879,GasA,Gd,Y,SBrkr,AllPub
1880,GasA,Gd,Y,SBrkr,AllPub
1881,GasA,Ex,Y,SBrkr,AllPub
1882,GasA,Ex,Y,SBrkr,AllPub
1883,GasA,Ex,Y,SBrkr,AllPub
1884,GasA,TA,Y,SBrkr,AllPub
1885,GasA,Ex,Y,SBrkr,AllPub
1886,GasA,Gd,Y,SBrkr,AllPub
1887,GasA,TA,Y,SBrkr,AllPub
1888,GasA,TA,Y,SBrkr,AllPub
1890,GasA,TA,Y,SBrkr,AllPub
1891,GasA,Gd,Y,SBrkr,AllPub
1892,GasA,Fa,Y,FuseA,AllPub
1894,GasA,Ex,Y,SBrkr,AllPub
1895,GasA,Ex,Y,SBrkr,AllPub
1896,GasA,Ex,Y,SBrkr,AllPub
1897,GasA,Gd,Y,SBrkr,AllPub
1898,GasA,TA,Y,SBrkr,AllPub
1899,GasA,Gd,Y,SBrkr,AllPub
1900,GasA,Ex,Y,FuseA,AllPub
1901,GasA,Ex,Y,SBrkr,AllPub
1902,GasA,TA,N,SBrkr,AllPub
1903,GasA,Ex,Y,SBrkr,AllPub
1904,GasA,Fa,Y,FuseA,AllPub
1905,GasA,TA,Y,SBrkr,AllPub
1906,GasA,TA,Y,SBrkr,AllPub
1907,GasA,TA,Y,SBrkr,AllPub
1908,GasA,Ex,Y,SBrkr,AllPub
1909,GasA,Ex,Y,SBrkr,AllPub
1910,GasA,Ex,Y,SBrkr,AllPub
1911,GasA,Gd,N,SBrkr,AllPub
1912,GasA,Gd,Y,SBrkr,AllPub
1913,GasA,Ex,Y,SBrkr,AllPub
1914,GasA,Ex,Y,SBrkr,AllPub
1915,GasA,Po,N,FuseF,AllPub
1916,GasA,TA,Y,SBrkr,AllPub
1917,GasA,TA,Y,SBrkr,AllPub
1918,GasA,TA,Y,SBrkr,AllPub
1919,GasA,TA,Y,SBrkr,AllPub
1920,GasA,Ex,Y,SBrkr,AllPub
1921,GasA,Gd,Y,SBrkr,AllPub
1922,GasA,TA,Y,SBrkr,AllPub
1923,GasA,TA,Y,SBrkr,AllPub
1924,GasA,Ex,Y,SBrkr,AllPub
1925,GasA,Ex,Y,SBrkr,AllPub
1926,GasA,Ex,Y,SBrkr,AllPub
1928,GasA,Gd,Y,SBrkr,AllPub
1929,GasA,Ex,Y,SBrkr,AllPub
1930,GasA,Gd,Y,SBrkr,AllPub
1931,GasA,Ex,Y,SBrkr,AllPub
1932,GasA,Gd,Y,SBrkr,AllPub
1934,GasA,Ex,Y,SBrkr,AllPub
1935,GasA,Ex,Y,SBrkr,AllPub
1936,GasA,Gd,Y,SBrkr,AllPub
1937,GasA,TA,Y,SBrkr,AllPub
1938,GasA,Ex,Y,SBrkr,AllPub
1939,GasA,Ex,Y,SBrkr,AllPub
1940,GasA,Ex,Y,SBrkr,AllPub
1941,GasA,Ex,Y,SBrkr,AllPub
1942,GasA,Ex,Y,SBrkr,AllPub
1943,GasA,TA,Y,SBrkr,AllPub
1944,GasA,Ex,Y,SBrkr,AllPub
1945,GasA,TA,Y,FuseA,AllPub
1946,GasA,Gd,Y,SBrkr,AllPub
1947,GasA,Gd,Y,SBrkr,AllPub
1948,GasA,Gd,Y,SBrkr,AllPub
1949,GasA,Ex,Y,SBrkr,AllPub
1950,GasA,Ex,Y,SBrkr,AllPub
1951,GasA,Ex,Y,SBrkr,AllPub
1953,GasA,Gd,Y,SBrkr,AllPub
1954,GasA,Ex,Y,SBrkr,AllPub
1955,GasA,Ex,Y,SBrkr,AllPub
1956,GasA,TA,Y,SBrkr,AllPub
1957,GasA,Ex,Y,SBrkr,AllPub
1958,GasA,Gd,Y,SBrkr,AllPub
1959,GasA,Ex,Y,SBrkr,AllPub
1960,GasA,Ex,Y,SBrkr,AllPub
1961,GasA,Ex,Y,SBrkr,AllPub
1962,GasA,Ex,Y,SBrkr,AllPub
1963,GasA,TA,Y,SBrkr,AllPub
1964,GasA,Ex,Y,SBrkr,AllPub
1965,GasA,TA,Y,SBrkr,AllPub
1966,GasA,TA,Y,SBrkr,AllPub
1967,GasA,Ex,Y,SBrkr,AllPub
1968,GasA,Gd,Y,SBrkr,AllPub
1969,GasA,Ex,Y,SBrkr,AllPub
1970,GasA,Ex,Y,SBrkr,AllPub
1971,GasA,Ex,Y,SBrkr,AllPub
1972,GasA,Gd,Y,SBrkr,AllPub
1973,GasA,Gd,Y,SBrkr,AllPub
1974,GasA,Ex,Y,SBrkr,AllPub
1975,GasA,Gd,Y,SBrkr,AllPub
1976,GasA,Gd,Y,SBrkr,AllPub
1977,GasA,Ex,Y,SBrkr,AllPub
1978,GasA,TA,N,SBrkr,AllPub
1979,GasA,Ex,Y,SBrkr,AllPub
1980,GasA,Ex,Y,SBrkr,AllPub
1981,GasA,Gd,Y,SBrkr,AllPub
1983,GasA,Ex,Y,SBrkr,AllPub
1984,GasA,Ex,Y,SBrkr,AllPub
1985,GasA,Ex,Y,SBrkr,AllPub
1986,GasA,TA,Y,SBrkr,AllPub
1987,GasA,TA,Y,SBrkr,AllPub
1988,GasA,TA,Y,SBrkr,AllPub
1989,GasA,Ex,Y,SBrkr,AllPub
1990,GasA,Ex,Y,SBrkr,AllPub
1992,GasA,Gd,Y,SBrkr,AllPub
1993,GasA,Gd,Y,FuseF,AllPub
1994,GasA,Ex,Y,SBrkr,AllPub
1995,GasA,Gd,N,SBrkr,AllPub
1996,GasA,Po,Y,FuseF,AllPub
1998,GasA,Gd,Y,SBrkr,AllPub
1999,GasA,TA,Y,SBrkr,AllPub
2000,GasA,Ex,Y,SBrkr,AllPub
2001,GasA,Ex,Y,SBrkr,AllPub
2002,GasA,Ex,Y,SBrkr,AllPub
2003,GasA,TA,Y,SBrkr,AllPub
2004,GasA,Gd,Y,SBrkr,AllPub
2005,GasA,Gd,Y,SBrkr,AllPub
2006,GasA,TA,Y,SBrkr,AllPub
2007,GasA,TA,Y,SBrkr,AllPub
2008,GasA,Fa,Y,SBrkr,AllPub
2009,GasA,TA,Y,SBrkr,AllPub
2011,GasA,Ex,Y,SBrkr,AllPub
2012,GasA,Ex,Y,SBrkr,AllPub
2013,GasA,Ex,Y,SBrkr,AllPub
2014,GasA,Ex,Y,SBrkr,AllPub
2015,GasA,TA,Y,SBrkr,AllPub
2016,GasA,Ex,Y,SBrkr,AllPub
2017,GasA,TA,Y,SBrkr,AllPub
2018,GasA,Ex,Y,SBrkr,AllPub
2019,GasA,Ex,Y,SBrkr,AllPub
2020,GasA,Ex,Y,SBrkr,AllPub
2021,GasA,Ex,Y,SBrkr,AllPub
2022,GasA,Gd,Y,SBrkr,AllPub
2023,GasA,Ex,Y,SBrkr,AllPub
2024,GasA,TA,Y,SBrkr,AllPub
2025,GasA,Gd,Y,SBrkr,AllPub
2026,GasA,Gd,Y,SBrkr,AllPub
2028,GasA,TA,Y,SBrkr,AllPub
2029,GasA,Ex,Y,SBrkr,AllPub
2030,GasA,Gd,Y,SBrkr,AllPub
2031,GasA,Ex,Y,SBrkr,AllPub
2032,GasA,TA,Y,SBrkr,AllPub
2033,GasA,Gd,Y,SBrkr,AllPub
2034,GasA,Ex,Y,SBrkr,AllPub
2035,GasA,Ex,Y,SBrkr,AllPub
2036,GasA,Ex,Y,SBrkr,AllPub
2037,GasA,TA,Y,SBrkr,AllPub
2038,GasA,TA,Y,SBrkr,AllPub
2040,GasW,TA,Y,SBrkr,AllPub
2041,GasA,Ex,Y,SBrkr,AllPub
2043,GasA,Ex,Y,SBrkr,AllPub
2044,GasA,Ex,Y,SBrkr,AllPub
2045,GasA,Ex,Y,SBrkr,AllPub
2046,GasA,Ex,Y,SBrkr,AllPub
2047,GasA,Ex,Y,SBrkr,AllPub
2048,GasA,Gd,Y,SBrkr,AllPub
2049,GasA,TA,Y,SBrkr,AllPub
2050,GasA,Gd,Y,SBrkr,AllPub
